Data	Valore Quota
29/06/2006	32,87
30/06/2006	32,942
03/07/2006	33,005
04/07/2006	33,054
05/07/2006	32,876
06/07/2006	32,932
07/07/2006	32,865
10/07/2006	32,91
11/07/2006	32,82
12/07/2006	32,745
13/07/2006	32,576
14/07/2006	32,478
17/07/2006	32,393
18/07/2006	32,312
19/07/2006	32,594
20/07/2006	32,582
21/07/2006	32,415
24/07/2006	32,629
25/07/2006	32,679
26/07/2006	32,708
27/07/2006	32,745
28/07/2006	32,877
31/07/2006	32,903
01/08/2006	32,798
02/08/2006	32,906
03/08/2006	32,829
04/08/2006	32,934
07/08/2006	32,776
08/08/2006	32,776
09/08/2006	32,787
10/08/2006	32,771
11/08/2006	32,7
14/08/2006	32,757
16/08/2006	33,084
17/08/2006	33,164
18/08/2006	33,209
21/08/2006	33,142
22/08/2006	33,269
23/08/2006	33,178
24/08/2006	33,273
25/08/2006	33,316
28/08/2006	33,323
29/08/2006	33,373
30/08/2006	33,427
31/08/2006	33,473
01/09/2006	33,569
04/09/2006	33,596
05/09/2006	33,594
06/09/2006	33,422
07/09/2006	33,372
08/09/2006	33,493
11/09/2006	33,405
12/09/2006	33,499
13/09/2006	33,576
14/09/2006	33,507
15/09/2006	33,58
18/09/2006	33,501
19/09/2006	33,45
20/09/2006	33,527
21/09/2006	33,6
22/09/2006	33,47
25/09/2006	33,513
26/09/2006	33,64
27/09/2006	33,728
28/09/2006	33,76
29/09/2006	33,765
02/10/2006	33,717
03/10/2006	33,638
04/10/2006	33,792
05/10/2006	33,908
06/10/2006	33,932
09/10/2006	33,973
10/10/2006	34,044
11/10/2006	34,076
12/10/2006	34,151
13/10/2006	34,202
16/10/2006	34,245
17/10/2006	34,131
18/10/2006	34,234
19/10/2006	34,161
20/10/2006	34,15
23/10/2006	34,217
24/10/2006	34,192
25/10/2006	34,21
26/10/2006	34,291
27/10/2006	34,246
30/10/2006	34,221
31/10/2006	34,303
02/11/2006	34,261
03/11/2006	34,311
06/11/2006	34,447
07/11/2006	34,512
08/11/2006	34,506
09/11/2006	34,443
10/11/2006	34,432
13/11/2006	34,44
14/11/2006	34,49
15/11/2006	34,55
16/11/2006	34,517
17/11/2006	34,472
20/11/2006	34,472
21/11/2006	34,482
22/11/2006	34,47
23/11/2006	34,447
24/11/2006	34,378
27/11/2006	34,16
28/11/2006	34,196
29/11/2006	34,375
30/11/2006	34,319
01/12/2006	34,238
04/12/2006	34,349
05/12/2006	34,419
06/12/2006	34,416
07/12/2006	34,435
11/12/2006	34,451
12/12/2006	34,461
13/12/2006	34,499
14/12/2006	34,552
15/12/2006	34,619
18/12/2006	34,548
19/12/2006	34,454
20/12/2006	34,469
21/12/2006	34,451
22/12/2006	34,353
27/12/2006	34,473
28/12/2006	34,455
29/12/2006	34,452
02/01/2007	34,58
03/01/2007	34,541
04/01/2007	34,56
05/01/2007	34,481
08/01/2007	34,468
09/01/2007	34,49
10/01/2007	34,43
11/01/2007	34,59
12/01/2007	34,653
15/01/2007	34,741
16/01/2007	34,701
17/01/2007	34,643
18/01/2007	34,594
19/01/2007	34,724
22/01/2007	34,706
23/01/2007	34,728
24/01/2007	34,857
25/01/2007	34,764
26/01/2007	34,693
29/01/2007	34,685
30/01/2007	34,726
31/01/2007	34,668
01/02/2007	34,727
02/02/2007	34,798
05/02/2007	34,866
06/02/2007	34,865
07/02/2007	34,907
08/02/2007	34,816
09/02/2007	34,823
12/02/2007	34,739
13/02/2007	34,783
14/02/2007	34,848
15/02/2007	34,883
16/02/2007	34,891
19/02/2007	34,904
20/02/2007	34,837
21/02/2007	34,788
22/02/2007	34,831
23/02/2007	34,853
26/02/2007	34,947
27/02/2007	34,509
28/02/2007	34,396
01/03/2007	34,255
02/03/2007	34,135
05/03/2007	33,996
06/03/2007	34,129
07/03/2007	34,149
08/03/2007	34,306
09/03/2007	34,317
12/03/2007	34,29
13/03/2007	34,135
14/03/2007	33,903
15/03/2007	34,041
16/03/2007	33,963
19/03/2007	34,085
20/03/2007	34,164
21/03/2007	34,258
22/03/2007	34,384
23/03/2007	34,422
26/03/2007	34,3
27/03/2007	34,263
28/03/2007	34,183
29/03/2007	34,269
30/03/2007	34,298
02/04/2007	34,307
03/04/2007	34,422
04/04/2007	34,497
05/04/2007	34,465
10/04/2007	34,548
11/04/2007	34,478
12/04/2007	34,438
13/04/2007	34,457
16/04/2007	34,626
17/04/2007	34,632
18/04/2007	34,644
19/04/2007	34,501
20/04/2007	34,635
23/04/2007	34,678
24/04/2007	34,591
26/04/2007	34,777
27/04/2007	34,713
30/04/2007	34,716
02/05/2007	34,779
03/05/2007	34,764
04/05/2007	34,845
07/05/2007	34,848
08/05/2007	34,832
09/05/2007	34,872
10/05/2007	34,741
11/05/2007	34,787
14/05/2007	34,749
15/05/2007	34,712
16/05/2007	34,716
17/05/2007	34,774
18/05/2007	34,813
21/05/2007	34,887
22/05/2007	34,863
23/05/2007	34,896
24/05/2007	34,778
25/05/2007	34,766
28/05/2007	34,789
29/05/2007	34,774
30/05/2007	34,831
31/05/2007	34,859
01/06/2007	34,904
04/06/2007	34,817
05/06/2007	34,755
06/06/2007	34,607
07/06/2007	34,372
08/06/2007	34,413
11/06/2007	34,476
12/06/2007	34,354
13/06/2007	34,435
14/06/2007	34,616
15/06/2007	34,727
18/06/2007	34,675
19/06/2007	34,732
20/06/2007	34,642
21/06/2007	34,59
22/06/2007	34,456
25/06/2007	34,413
26/06/2007	34,322
27/06/2007	34,369
28/06/2007	34,419
29/06/2007	34,444
02/07/2007	34,495
03/07/2007	34,558
04/07/2007	34,545
05/07/2007	34,458
06/07/2007	34,485
09/07/2007	34,56
10/07/2007	34,418
11/07/2007	34,354
12/07/2007	34,484
13/07/2007	34,557
16/07/2007	34,595
17/07/2007	34,527
18/07/2007	34,456
19/07/2007	34,561
20/07/2007	34,482
23/07/2007	34,526
24/07/2007	34,3
25/07/2007	34,28
26/07/2007	33,984
27/07/2007	33,888
30/07/2007	33,912
31/07/2007	34,001
01/08/2007	33,83
02/08/2007	33,912
03/08/2007	33,733
06/08/2007	33,727
07/08/2007	33,882
08/08/2007	34,049
09/08/2007	33,874
10/08/2007	33,604
13/08/2007	33,753
14/08/2007	33,628
16/08/2007	33,358
17/08/2007	33,494
20/08/2007	33,601
21/08/2007	33,661
22/08/2007	33,804
23/08/2007	33,855
24/08/2007	33,912
27/08/2007	33,892
28/08/2007	33,632
29/08/2007	33,756
30/08/2007	33,837
31/08/2007	34,01
03/09/2007	34,034
04/09/2007	34,103
05/09/2007	33,843
06/09/2007	33,878
07/09/2007	33,639
10/09/2007	33,588
11/09/2007	33,733
12/09/2007	33,733
13/09/2007	33,821
14/09/2007	33,768
17/09/2007	33,651
18/09/2007	33,844
19/09/2007	34,037
20/09/2007	33,855
21/09/2007	33,851
24/09/2007	33,839
25/09/2007	33,809
26/09/2007	33,864
27/09/2007	33,93
28/09/2007	33,905
01/10/2007	34,065
02/10/2007	34,132
03/10/2007	34,125
04/10/2007	34,194
05/10/2007	34,264
08/10/2007	34,251
09/10/2007	34,39
10/10/2007	34,291
11/10/2007	34,262
12/10/2007	34,299
15/10/2007	34,105
16/10/2007	34,031
17/10/2007	34,032
18/10/2007	34,017
19/10/2007	33,963
22/10/2007	33,909
23/10/2007	33,976
24/10/2007	33,943
25/10/2007	34,008
26/10/2007	34,118
29/10/2007	34,204
30/10/2007	34,139
31/10/2007	34,221
02/11/2007	33,924
05/11/2007	33,833
06/11/2007	33,837
07/11/2007	33,655
08/11/2007	33,47
09/11/2007	33,248
12/11/2007	33,28
13/11/2007	33,406
14/11/2007	33,407
15/11/2007	33,306
16/11/2007	33,302
19/11/2007	33,041
20/11/2007	33,087
21/11/2007	32,831
22/11/2007	32,85
23/11/2007	33,077
26/11/2007	32,942
27/11/2007	32,968
28/11/2007	33,255
29/11/2007	33,338
30/11/2007	33,469
03/12/2007	33,459
04/12/2007	33,313
05/12/2007	33,57
06/12/2007	33,631
07/12/2007	33,604
10/12/2007	33,635
11/12/2007	33,523
12/12/2007	33,5
13/12/2007	33,335
14/12/2007	33,332
17/12/2007	33,127
18/12/2007	33,135
19/12/2007	33,076
20/12/2007	33,13
21/12/2007	33,241
27/12/2007	33,181
28/12/2007	33,188
02/01/2008	33,096
03/01/2008	33,114
04/01/2008	32,854
07/01/2008	32,873
08/01/2008	32,814
09/01/2008	32,838
10/01/2008	32,789
11/01/2008	32,708
14/01/2008	32,787
15/01/2008	32,486
16/01/2008	32,472
17/01/2008	32,299
18/01/2008	32,206
21/01/2008	31,802
22/01/2008	31,72
23/01/2008	31,602
24/01/2008	31,913
25/01/2008	31,93
28/01/2008	31,907
29/01/2008	32,039
30/01/2008	31,929
31/01/2008	32,08
01/02/2008	32,262
04/02/2008	32,275
05/02/2008	31,991
06/02/2008	31,902
07/02/2008	31,881
08/02/2008	31,863
11/02/2008	31,822
12/02/2008	31,986
13/02/2008	32,096
14/02/2008	32,042
15/02/2008	31,892
18/02/2008	31,968
19/02/2008	31,987
20/02/2008	31,897
21/02/2008	31,837
22/02/2008	31,757
25/02/2008	31,937
26/02/2008	32,051
27/02/2008	31,999
28/02/2008	31,861
29/02/2008	31,676
03/03/2008	31,52
04/03/2008	31,36
05/03/2008	31,473
06/03/2008	31,273
07/03/2008	31,039
10/03/2008	30,898
11/03/2008	31,139
12/03/2008	31,112
13/03/2008	30,966
14/03/2008	30,795
17/03/2008	30,375
18/03/2008	30,731
19/03/2008	30,603
20/03/2008	30,649
25/03/2008	30,94
26/03/2008	30,806
27/03/2008	30,807
28/03/2008	30,798
31/03/2008	30,772
01/04/2008	31,208
02/04/2008	31,375
03/04/2008	31,366
04/04/2008	31,432
07/04/2008	31,504
08/04/2008	31,435
09/04/2008	31,359
10/04/2008	31,376
11/04/2008	31,254
14/04/2008	31,102
15/04/2008	31,102
16/04/2008	31,248
17/04/2008	31,198
18/04/2008	31,461
21/04/2008	31,407
22/04/2008	31,279
23/04/2008	31,348
24/04/2008	31,441
28/04/2008	31,634
29/04/2008	31,638
30/04/2008	31,707
02/05/2008	31,974
05/05/2008	31,957
06/05/2008	31,944
07/05/2008	31,973
08/05/2008	31,95
09/05/2008	31,864
12/05/2008	31,887
13/05/2008	31,858
14/05/2008	31,935
15/05/2008	31,988
16/05/2008	32,05
19/05/2008	32,147
20/05/2008	31,935
21/05/2008	31,74
22/05/2008	31,802
23/05/2008	31,64
26/05/2008	31,579
27/05/2008	31,603
28/05/2008	31,613
29/05/2008	31,636
30/05/2008	31,755
03/06/2008	31,599
04/06/2008	31,57
05/06/2008	31,541
06/06/2008	31,226
09/06/2008	31,117
10/06/2008	31,055
11/06/2008	30,832
12/06/2008	30,858
13/06/2008	30,948
16/06/2008	30,897
17/06/2008	30,936
18/06/2008	30,813
19/06/2008	30,742
20/06/2008	30,509
23/06/2008	30,579
24/06/2008	30,475
25/06/2008	30,595
26/06/2008	30,267
27/06/2008	30,184
30/06/2008	30,175
01/07/2008	30,073
02/07/2008	29,943
03/07/2008	30,079
04/07/2008	29,993
07/07/2008	30,094
08/07/2008	30,011
09/07/2008	30,038
10/07/2008	29,93
11/07/2008	29,665
14/07/2008	29,663
15/07/2008	29,426
16/07/2008	29,563
17/07/2008	29,71
18/07/2008	29,763
21/07/2008	29,787
22/07/2008	29,855
23/07/2008	30,055
24/07/2008	29,994
25/07/2008	29,961
28/07/2008	29,831
29/07/2008	29,933
30/07/2008	30,137
31/07/2008	30,093
01/08/2008	29,992
04/08/2008	29,849
05/08/2008	30,214
06/08/2008	30,334
07/08/2008	30,335
08/08/2008	30,552
11/08/2008	30,722
12/08/2008	30,692
13/08/2008	30,54
14/08/2008	30,558
18/08/2008	30,643
19/08/2008	30,425
20/08/2008	30,461
21/08/2008	30,289
22/08/2008	30,423
25/08/2008	30,386
26/08/2008	30,456
27/08/2008	30,422
28/08/2008	30,618
29/08/2008	30,656
01/09/2008	30,721
02/09/2008	30,754
03/09/2008	30,716
04/09/2008	30,436
05/09/2008	30,354
08/09/2008	30,656
09/09/2008	30,46
10/09/2008	30,47
11/09/2008	30,523
12/09/2008	30,537
15/09/2008	30,107
16/09/2008	30,01
17/09/2008	29,586
18/09/2008	29,497
19/09/2008	30,267
22/09/2008	29,922
23/09/2008	29,739
24/09/2008	29,79
25/09/2008	30,016
26/09/2008	29,954
29/09/2008	29,22
30/09/2008	29,514
01/10/2008	29,626
02/10/2008	29,422
03/10/2008	29,61
06/10/2008	28,983
07/10/2008	28,652
08/10/2008	28,026
09/10/2008	27,513
10/10/2008	26,76
13/10/2008	27,944
14/10/2008	28,348
15/10/2008	27,533
16/10/2008	27,178
17/10/2008	27,597
20/10/2008	28,088
21/10/2008	27,97
22/10/2008	27,532
23/10/2008	27,586
24/10/2008	27,095
27/10/2008	26,798
28/10/2008	27,148
29/10/2008	27,503
30/10/2008	27,755
31/10/2008	27,968
03/11/2008	28,009
04/11/2008	28,678
05/11/2008	28,41
06/11/2008	27,864
07/11/2008	28,123
10/11/2008	28,158
11/11/2008	27,721
12/11/2008	27,332
13/11/2008	27,491
14/11/2008	27,428
17/11/2008	27,098
18/11/2008	27,174
19/11/2008	26,783
20/11/2008	26,44
21/11/2008	26,476
24/11/2008	27,079
25/11/2008	27,112
26/11/2008	27,354
27/11/2008	27,443
28/11/2008	27,576
01/12/2008	26,83
02/12/2008	27,06
03/12/2008	27,24
04/12/2008	26,989
05/12/2008	26,784
09/12/2008	27,288
10/12/2008	27,378
11/12/2008	27,119
12/12/2008	26,826
15/12/2008	26,654
16/12/2008	26,932
17/12/2008	26,834
18/12/2008	26,762
19/12/2008	26,914
22/12/2008	26,73
23/12/2008	26,676
29/12/2008	26,647
30/12/2008	26,865
02/01/2009	27,368
05/01/2009	27,61
07/01/2009	27,499
08/01/2009	27,524
09/01/2009	27,404
12/01/2009	27,249
13/01/2009	27,097
14/01/2009	26,737
15/01/2009	26,669
16/01/2009	26,718
19/01/2009	26,647
20/01/2009	26,377
21/01/2009	26,403
22/01/2009	26,179
23/01/2009	26,116
26/01/2009	26,114
27/01/2009	26,28
28/01/2009	26,658
29/01/2009	26,565
30/01/2009	26,477
02/02/2009	26,351
03/02/2009	26,45
04/02/2009	26,607
05/02/2009	26,683
06/02/2009	26,91
09/02/2009	26,902
10/02/2009	26,582
11/02/2009	26,644
12/02/2009	26,602
13/02/2009	26,504
16/02/2009	26,473
17/02/2009	26,215
18/02/2009	26,186
19/02/2009	26,027
20/02/2009	25,75
23/02/2009	25,543
24/02/2009	25,615
25/02/2009	25,539
26/02/2009	25,557
27/02/2009	25,388
02/03/2009	24,908
03/03/2009	24,738
04/03/2009	24,943
05/03/2009	24,604
06/03/2009	24,37
09/03/2009	24,226
10/03/2009	24,728
11/03/2009	24,738
12/03/2009	25,01
13/03/2009	25,021
16/03/2009	25,139
17/03/2009	25,227
18/03/2009	25,34
19/03/2009	25,327
20/03/2009	25,451
23/03/2009	26,014
24/03/2009	25,911
25/03/2009	26,093
26/03/2009	26,268
27/03/2009	26,245
30/03/2009	25,751
31/03/2009	25,984
01/04/2009	26,164
02/04/2009	26,502
03/04/2009	26,522
06/04/2009	26,4
07/04/2009	26,308
08/04/2009	26,467
09/04/2009	26,805
14/04/2009	26,919
15/04/2009	27,014
16/04/2009	27,189
17/04/2009	27,378
20/04/2009	27,028
21/04/2009	27,063
22/04/2009	27,12
23/04/2009	27,198
24/04/2009	27,409
27/04/2009	27,482
28/04/2009	27,355
29/04/2009	27,554
30/04/2009	27,685
04/05/2009	28,014
05/05/2009	28,015
06/05/2009	28,236
07/05/2009	28,017
08/05/2009	28,326
11/05/2009	28,121
12/05/2009	28,108
13/05/2009	27,789
14/05/2009	27,773
15/05/2009	27,821
18/05/2009	28,225
19/05/2009	28,24
20/05/2009	28,282
21/05/2009	28,029
22/05/2009	27,932
25/05/2009	27,865
26/05/2009	28,07
27/05/2009	28,035
28/05/2009	27,997
29/05/2009	27,966
01/06/2009	28,292
03/06/2009	28,128
04/06/2009	28,097
05/06/2009	28,142
08/06/2009	28,118
09/06/2009	28,167
10/06/2009	28,237
11/06/2009	28,344
12/06/2009	28,347
15/06/2009	28,125
16/06/2009	27,98
17/06/2009	27,832
18/06/2009	27,85
19/06/2009	27,973
22/06/2009	27,7
23/06/2009	27,58
24/06/2009	27,815
25/06/2009	27,917
26/06/2009	27,874
29/06/2009	28,01
30/06/2009	27,965
01/07/2009	28,085
02/07/2009	27,889
03/07/2009	27,887
06/07/2009	27,803
07/07/2009	27,596
08/07/2009	27,489
09/07/2009	27,53
10/07/2009	27,433
13/07/2009	27,63
14/07/2009	27,758
15/07/2009	28,058
16/07/2009	28,152
17/07/2009	28,156
20/07/2009	28,268
21/07/2009	28,432
22/07/2009	28,48
23/07/2009	28,677
24/07/2009	28,689
27/07/2009	28,767
28/07/2009	28,7
29/07/2009	28,804
30/07/2009	29,075
31/07/2009	29,033
03/08/2009	29,128
04/08/2009	29,157
05/08/2009	29,133
06/08/2009	29,141
07/08/2009	29,29
10/08/2009	29,343
11/08/2009	29,198
12/08/2009	29,289
13/08/2009	29,418
14/08/2009	29,368
17/08/2009	29,102
18/08/2009	29,246
19/08/2009	29,225
20/08/2009	29,367
21/08/2009	29,564
24/08/2009	29,7
25/08/2009	29,776
26/08/2009	29,82
27/08/2009	29,798
28/08/2009	29,799
31/08/2009	29,678
01/09/2009	29,443
02/09/2009	29,399
03/09/2009	29,448
04/09/2009	29,626
07/09/2009	29,702
08/09/2009	29,705
09/09/2009	29,778
10/09/2009	29,913
11/09/2009	30,017
14/09/2009	30,001
15/09/2009	30,061
16/09/2009	30,238
17/09/2009	30,23
18/09/2009	30,194
21/09/2009	30,074
22/09/2009	30,104
23/09/2009	30,103
24/09/2009	29,993
25/09/2009	30,031
28/09/2009	30,23
29/09/2009	30,301
30/09/2009	30,245
01/10/2009	29,997
02/10/2009	29,821
05/10/2009	29,944
06/10/2009	30,166
07/10/2009	30,225
08/10/2009	30,353
09/10/2009	30,335
12/10/2009	30,442
13/10/2009	30,347
14/10/2009	30,554
15/10/2009	30,509
16/10/2009	30,424
19/10/2009	30,579
20/10/2009	30,534
21/10/2009	30,439
22/10/2009	30,379
23/10/2009	30,18
26/10/2009	30,028
27/10/2009	30,061
28/10/2009	29,82
29/10/2009	29,967
30/10/2009	29,721
02/11/2009	29,765
03/11/2009	29,706
04/11/2009	29,781
05/11/2009	29,887
06/11/2009	29,902
09/11/2009	30,192
10/11/2009	30,218
11/11/2009	30,302
12/11/2009	30,252
13/11/2009	30,307
16/11/2009	30,487
17/11/2009	30,501
18/11/2009	30,427
19/11/2009	30,203
20/11/2009	30,068
23/11/2009	30,279
24/11/2009	30,195
25/11/2009	30,211
26/11/2009	29,934
27/11/2009	29,913
30/11/2009	29,882
01/12/2009	30,183
02/12/2009	30,22
03/12/2009	30,18
04/12/2009	30,33
07/12/2009	30,309
09/12/2009	29,985
10/12/2009	30,078
11/12/2009	30,18
14/12/2009	30,287
15/12/2009	30,25
16/12/2009	30,418
17/12/2009	30,336
18/12/2009	30,308
21/12/2009	30,416
22/12/2009	30,573
23/12/2009	30,594
28/12/2009	30,683
29/12/2009	30,691
30/12/2009	30,657
04/01/2010	30,829
05/01/2010	30,9
07/01/2010	31,027
08/01/2010	31,103
11/01/2010	31,058
12/01/2010	30,923
13/01/2010	30,939
14/01/2010	31,015
15/01/2010	30,94
18/01/2010	30,962
19/01/2010	31,098
20/01/2010	30,875
21/01/2010	30,717
22/01/2010	30,422
25/01/2010	30,387
26/01/2010	30,408
27/01/2010	30,252
28/01/2010	30,045
29/01/2010	30,103
01/02/2010	30,255
02/02/2010	30,447
03/02/2010	30,35
04/02/2010	29,972
05/02/2010	29,794
08/02/2010	29,757
09/02/2010	29,824
10/02/2010	30,017
11/02/2010	30,128
12/02/2010	30,109
15/02/2010	30,124
16/02/2010	30,23
17/02/2010	30,436
18/02/2010	30,474
19/02/2010	30,528
22/02/2010	30,526
23/02/2010	30,376
24/02/2010	30,399
25/02/2010	30,194
26/02/2010	30,255
01/03/2010	30,45
02/03/2010	30,58
03/03/2010	30,709
04/03/2010	30,746
05/03/2010	30,994
08/03/2010	31,009
09/03/2010	30,99
10/03/2010	31,101
11/03/2010	31,051
12/03/2010	31,1
15/03/2010	31,006
16/03/2010	31,162
17/03/2010	31,314
18/03/2010	31,265
19/03/2010	31,202
22/03/2010	31,186
23/03/2010	31,313
24/03/2010	31,332
25/03/2010	31,465
26/03/2010	31,441
29/03/2010	31,449
30/03/2010	31,423
31/03/2010	31,396
01/04/2010	31,619
06/04/2010	31,625
07/04/2010	31,556
08/04/2010	31,389
09/04/2010	31,574
12/04/2010	31,629
13/04/2010	31,578
14/04/2010	31,655
15/04/2010	31,754
16/04/2010	31,508
19/04/2010	31,393
20/04/2010	31,595
21/04/2010	31,489
22/04/2010	31,219
23/04/2010	31,309
26/04/2010	31,319
27/04/2010	30,825
28/04/2010	30,588
29/04/2010	30,831
30/04/2010	30,754
03/05/2010	30,822
04/05/2010	30,306
05/05/2010	30,122
06/05/2010	29,786
07/05/2010	29,209
10/05/2010	30,625
11/05/2010	30,608
12/05/2010	30,811
13/05/2010	30,85
14/05/2010	30,281
17/05/2010	30,242
18/05/2010	30,496
19/05/2010	30,061
20/05/2010	29,764
21/05/2010	29,743
24/05/2010	29,794
25/05/2010	29,428
26/05/2010	29,685
27/05/2010	30,086
28/05/2010	30,045
31/05/2010	30,105
01/06/2010	30,043
03/06/2010	30,153
04/06/2010	29,852
07/06/2010	29,717
08/06/2010	29,576
09/06/2010	29,874
10/06/2010	30,152
11/06/2010	30,237
14/06/2010	30,378
15/06/2010	30,463
16/06/2010	30,441
17/06/2010	30,484
18/06/2010	30,553
21/06/2010	30,711
22/06/2010	30,623
23/06/2010	30,451
24/06/2010	30,198
25/06/2010	30,115
28/06/2010	30,262
29/06/2010	29,85
30/06/2010	29,856
01/07/2010	29,575
02/07/2010	29,612
05/07/2010	29,581
06/07/2010	29,888
07/07/2010	30,093
08/07/2010	30,256
09/07/2010	30,369
12/07/2010	30,429
13/07/2010	30,67
14/07/2010	30,633
15/07/2010	30,455
16/07/2010	30,251
19/07/2010	30,157
20/07/2010	30,181
21/07/2010	30,333
22/07/2010	30,606
23/07/2010	30,664
26/07/2010	30,755
27/07/2010	30,874
28/07/2010	30,846
29/07/2010	30,804
30/07/2010	30,765
02/08/2010	31,134
03/08/2010	31,175
04/08/2010	31,189
05/08/2010	31,155
06/08/2010	31,047
09/08/2010	31,217
10/08/2010	31,059
11/08/2010	30,779
12/08/2010	30,794
13/08/2010	30,786
16/08/2010	30,806
17/08/2010	30,968
18/08/2010	30,962
19/08/2010	30,76
20/08/2010	30,668
23/08/2010	30,758
24/08/2010	30,578
25/08/2010	30,485
26/08/2010	30,593
27/08/2010	30,659
30/08/2010	30,64
31/08/2010	30,654
01/09/2010	31
02/09/2010	30,99
03/09/2010	31,082
06/09/2010	31,095
07/09/2010	31,015
08/09/2010	31,139
09/09/2010	31,281
10/09/2010	31,228
13/09/2010	31,297
14/09/2010	31,305
15/09/2010	31,232
16/09/2010	31,079
17/09/2010	31,045
20/09/2010	31,184
21/09/2010	31,159
22/09/2010	31,019
23/09/2010	31,009
24/09/2010	31,126
27/09/2010	31,102
28/09/2010	31,054
29/09/2010	30,963
30/09/2010	30,936
01/10/2010	30,922
04/10/2010	30,869
05/10/2010	31,057
06/10/2010	31,135
07/10/2010	31,123
08/10/2010	31,144
11/10/2010	31,221
12/10/2010	31,191
13/10/2010	31,395
14/10/2010	31,383
15/10/2010	31,383
18/10/2010	31,461
19/10/2010	31,363
20/10/2010	31,419
21/10/2010	31,464
22/10/2010	31,427
25/10/2010	31,485
26/10/2010	31,429
27/10/2010	31,259
28/10/2010	31,326
29/10/2010	31,327
02/11/2010	31,378
03/11/2010	31,345
04/11/2010	31,532
05/11/2010	31,525
08/11/2010	31,504
09/11/2010	31,61
10/11/2010	31,424
11/11/2010	31,35
12/11/2010	31,291
15/11/2010	31,391
16/11/2010	31,024
17/11/2010	31,117
18/11/2010	31,255
19/11/2010	31,193
22/11/2010	31,102
23/11/2010	30,891
24/11/2010	30,946
25/11/2010	30,976
26/11/2010	30,905
29/11/2010	30,58
30/11/2010	30,533
01/12/2010	30,855
02/12/2010	31,149
03/12/2010	31,121
06/12/2010	31,111
07/12/2010	31,21
09/12/2010	31,34
10/12/2010	31,334
13/12/2010	31,359
14/12/2010	31,363
15/12/2010	31,281
16/12/2010	31,309
17/12/2010	31,227
20/12/2010	31,377
21/12/2010	31,518
22/12/2010	31,563
23/12/2010	31,569
27/12/2010	31,405
28/12/2010	31,451
29/12/2010	31,454
30/12/2010	31,297
03/01/2011	31,407
04/01/2011	31,559
05/01/2011	31,542
07/01/2011	31,541
10/01/2011	31,378
11/01/2011	31,559
12/01/2011	31,761
13/01/2011	31,741
14/01/2011	31,751
17/01/2011	31,729
18/01/2011	31,824
19/01/2011	31,698
20/01/2011	31,533
21/01/2011	31,656
24/01/2011	31,699
25/01/2011	31,579
26/01/2011	31,656
27/01/2011	31,675
28/01/2011	31,577
31/01/2011	31,569
01/02/2011	31,792
02/02/2011	31,835
03/02/2011	31,825
04/02/2011	31,865
07/02/2011	32,001
08/02/2011	31,954
09/02/2011	31,876
10/02/2011	31,84
11/02/2011	31,908
14/02/2011	31,939
15/02/2011	31,974
16/02/2011	32,106
17/02/2011	32,145
18/02/2011	32,096
21/02/2011	31,864
22/02/2011	31,78
23/02/2011	31,645
24/02/2011	31,572
25/02/2011	31,732
28/02/2011	31,835
01/03/2011	31,755
02/03/2011	31,684
03/03/2011	31,636
04/03/2011	31,583
07/03/2011	31,534
08/03/2011	31,562
09/03/2011	31,543
10/03/2011	31,403
11/03/2011	31,321
14/03/2011	31,243
15/03/2011	31,031
16/03/2011	30,833
18/03/2011	31,059
21/03/2011	31,286
22/03/2011	31,236
23/03/2011	31,303
24/03/2011	31,445
25/03/2011	31,449
28/03/2011	31,448
29/03/2011	31,426
30/03/2011	31,543
31/03/2011	31,383
01/04/2011	31,593
04/04/2011	31,629
05/04/2011	31,647
06/04/2011	31,698
07/04/2011	31,665
08/04/2011	31,694
11/04/2011	31,677
12/04/2011	31,474
13/04/2011	31,557
14/04/2011	31,458
15/04/2011	31,487
18/04/2011	31,258
19/04/2011	31,334
20/04/2011	31,558
21/04/2011	31,659
26/04/2011	31,7
27/04/2011	31,746
28/04/2011	31,844
29/04/2011	31,913
02/05/2011	31,923
03/05/2011	31,848
04/05/2011	31,656
05/05/2011	31,651
06/05/2011	31,859
09/05/2011	31,817
10/05/2011	31,96
11/05/2011	32,001
12/05/2011	31,924
13/05/2011	31,874
16/05/2011	31,838
17/05/2011	31,707
18/05/2011	31,73
19/05/2011	31,808
20/05/2011	31,784
23/05/2011	31,559
24/05/2011	31,582
25/05/2011	31,721
26/05/2011	31,746
27/05/2011	31,838
30/05/2011	31,812
31/05/2011	31,924
01/06/2011	31,815
03/06/2011	31,634
06/06/2011	31,545
07/06/2011	31,49
08/06/2011	31,319
09/06/2011	31,446
10/06/2011	31,273
13/06/2011	31,295
14/06/2011	31,408
15/06/2011	31,221
16/06/2011	31,147
17/06/2011	31,185
20/06/2011	31,083
21/06/2011	31,304
22/06/2011	31,235
23/06/2011	31,024
24/06/2011	30,968
27/06/2011	30,943
28/06/2011	31,02
29/06/2011	31,277
30/06/2011	31,456
01/07/2011	31,634
04/07/2011	31,669
05/07/2011	31,635
06/07/2011	31,481
07/07/2011	31,547
08/07/2011	31,349
11/07/2011	31,03
12/07/2011	30,958
13/07/2011	31,1
14/07/2011	30,949
15/07/2011	30,9
18/07/2011	30,54
19/07/2011	30,737
20/07/2011	31,001
21/07/2011	31,28
22/07/2011	31,403
25/07/2011	31,209
26/07/2011	31,175
27/07/2011	30,959
28/07/2011	30,926
29/07/2011	30,828
01/08/2011	30,596
02/08/2011	30,246
03/08/2011	29,978
04/08/2011	29,44
05/08/2011	29,237
08/08/2011	28,876
09/08/2011	28,998
10/08/2011	28,488
11/08/2011	28,826
12/08/2011	29,391
16/08/2011	29,393
17/08/2011	29,539
18/08/2011	28,803
19/08/2011	28,577
22/08/2011	28,707
23/08/2011	28,747
24/08/2011	28,892
25/08/2011	28,751
26/08/2011	28,657
29/08/2011	28,8
30/08/2011	28,938
31/08/2011	29,297
01/09/2011	29,383
02/09/2011	29,016
05/09/2011	28,394
06/09/2011	28,264
07/09/2011	28,79
08/09/2011	28,936
09/09/2011	28,475
12/09/2011	28,036
13/09/2011	28,125
14/09/2011	28,359
15/09/2011	28,724
16/09/2011	28,906
19/09/2011	28,549
20/09/2011	28,794
21/09/2011	28,541
22/09/2011	27,946
23/09/2011	28,033
26/09/2011	28,352
27/09/2011	29,021
28/09/2011	28,848
29/09/2011	29,001
30/09/2011	28,869
03/10/2011	28,735
04/10/2011	28,349
05/10/2011	28,764
06/10/2011	29,217
07/10/2011	29,337
10/10/2011	29,615
11/10/2011	29,541
12/10/2011	29,768
13/10/2011	29,507
14/10/2011	29,624
17/10/2011	29,482
18/10/2011	29,396
19/10/2011	29,494
20/10/2011	29,232
21/10/2011	29,584
24/10/2011	29,72
25/10/2011	29,653
26/10/2011	29,733
27/10/2011	30,319
28/10/2011	30,189
31/10/2011	29,792
02/11/2011	29,353
03/11/2011	29,673
04/11/2011	29,447
07/11/2011	29,373
08/11/2011	29,48
09/11/2011	29,02
10/11/2011	28,957
11/11/2011	29,489
14/11/2011	29,238
15/11/2011	28,935
16/11/2011	28,977
17/11/2011	28,813
18/11/2011	28,808
21/11/2011	28,321
22/11/2011	28,142
23/11/2011	27,829
24/11/2011	27,747
25/11/2011	27,783
28/11/2011	28,392
29/11/2011	28,537
30/11/2011	29,207
01/12/2011	29,323
02/12/2011	29,523
05/12/2011	29,894
06/12/2011	29,83
07/12/2011	29,731
09/12/2011	29,52
12/12/2011	29,166
13/12/2011	29,272
14/12/2011	28,976
15/12/2011	29,188
16/12/2011	29,172
19/12/2011	29,188
20/12/2011	29,568
21/12/2011	29,424
22/12/2011	29,587
23/12/2011	29,686
27/12/2011	29,699
28/12/2011	29,61
29/12/2011	29,733
30/12/2011	29,874
02/01/2012	30,071
03/01/2012	30,286
04/01/2012	30,14
05/01/2012	29,883
09/01/2012	29,733
10/01/2012	30,051
11/01/2012	30,061
12/01/2012	30,252
13/01/2012	30,163
16/01/2012	30,304
17/01/2012	30,457
18/01/2012	30,459
19/01/2012	30,692
20/01/2012	30,726
23/01/2012	30,936
24/01/2012	30,857
25/01/2012	30,792
26/01/2012	31,069
27/01/2012	30,985
30/01/2012	30,73
31/01/2012	30,892
01/02/2012	31,355
02/02/2012	31,472
03/02/2012	31,758
06/02/2012	31,762
07/02/2012	31,713
08/02/2012	31,729
09/02/2012	31,82
10/02/2012	31,593
13/02/2012	31,712
14/02/2012	31,671
15/02/2012	31,743
16/02/2012	31,698
17/02/2012	31,86
20/02/2012	32,042
21/02/2012	31,984
22/02/2012	31,836
23/02/2012	31,757
24/02/2012	31,837
27/02/2012	31,795
28/02/2012	31,859
29/02/2012	31,908
01/03/2012	32,241
02/03/2012	32,273
05/03/2012	32,141
06/03/2012	31,63
07/03/2012	31,765
08/03/2012	32,08
09/03/2012	32,101
12/03/2012	32,045
13/03/2012	32,345
14/03/2012	32,403
15/03/2012	32,459
16/03/2012	32,533
19/03/2012	32,539
20/03/2012	32,322
21/03/2012	32,232
22/03/2012	31,962
23/03/2012	32,008
26/03/2012	32,164
27/03/2012	32,057
28/03/2012	31,896
29/03/2012	31,556
30/03/2012	31,749
02/04/2012	31,966
03/04/2012	31,729
04/04/2012	31,294
05/04/2012	31,219
10/04/2012	30,675
11/04/2012	30,868
12/04/2012	31,124
13/04/2012	30,767
16/04/2012	30,791
17/04/2012	31,21
18/04/2012	31,072
19/04/2012	30,91
20/04/2012	30,977
23/04/2012	30,535
24/04/2012	30,762
26/04/2012	31,042
27/04/2012	31,186
30/04/2012	31,127
02/05/2012	31,066
03/05/2012	31,082
04/05/2012	30,844
07/05/2012	31,022
08/05/2012	30,718
09/05/2012	30,596
10/05/2012	30,749
11/05/2012	30,821
14/05/2012	30,474
15/05/2012	30,261
16/05/2012	30,201
17/05/2012	30,043
18/05/2012	29,899
21/05/2012	30,018
22/05/2012	30,403
23/05/2012	30,039
24/05/2012	30,271
25/05/2012	30,303
28/05/2012	30,247
29/05/2012	30,35
30/05/2012	30,117
31/05/2012	30,139
01/06/2012	29,965
04/06/2012	29,961
05/06/2012	30,016
06/06/2012	30,362
07/06/2012	30,462
08/06/2012	30,407
11/06/2012	30,231
12/06/2012	30,171
13/06/2012	30,066
14/06/2012	30,091
15/06/2012	30,381
18/06/2012	30,278
19/06/2012	30,573
20/06/2012	30,744
21/06/2012	30,725
22/06/2012	30,617
25/06/2012	30,228
26/06/2012	30,091
27/06/2012	30,325
28/06/2012	30,282
29/06/2012	30,969
02/07/2012	31,227
03/07/2012	31,444
04/07/2012	31,412
05/07/2012	31,296
06/07/2012	31,138
09/07/2012	31,059
10/07/2012	31,249
11/07/2012	31,335
12/07/2012	31,146
13/07/2012	31,308
16/07/2012	31,334
17/07/2012	31,302
18/07/2012	31,435
19/07/2012	31,608
20/07/2012	31,256
23/07/2012	30,758
24/07/2012	30,496
25/07/2012	30,549
26/07/2012	31,152
27/07/2012	31,432
30/07/2012	31,765
31/07/2012	31,629
01/08/2012	31,739
02/08/2012	31,381
03/08/2012	31,94
06/08/2012	32,109
07/08/2012	32,219
08/08/2012	32,315
09/08/2012	32,379
10/08/2012	32,325
13/08/2012	32,245
14/08/2012	32,37
16/08/2012	32,505
17/08/2012	32,659
20/08/2012	32,575
21/08/2012	32,727
22/08/2012	32,545
23/08/2012	32,428
24/08/2012	32,43
27/08/2012	32,526
28/08/2012	32,408
29/08/2012	32,375
30/08/2012	32,227
31/08/2012	32,341
03/09/2012	32,508
04/09/2012	32,413
05/09/2012	32,431
06/09/2012	32,962
07/09/2012	33,169
10/09/2012	33,074
11/09/2012	33,191
12/09/2012	33,247
13/09/2012	33,207
14/09/2012	33,38
17/09/2012	33,287
18/09/2012	33,186
19/09/2012	33,297
20/09/2012	33,214
21/09/2012	33,296
24/09/2012	33,251
25/09/2012	33,298
26/09/2012	32,926
27/09/2012	33,003
28/09/2012	32,772
01/10/2012	33,083
02/10/2012	33,068
03/10/2012	33,069
04/10/2012	33,046
05/10/2012	33,301
08/10/2012	33,1
09/10/2012	33,01
10/10/2012	32,925
11/10/2012	33,108
12/10/2012	33,057
15/10/2012	33,119
16/10/2012	33,385
17/10/2012	33,559
18/10/2012	33,579
19/10/2012	33,413
22/10/2012	33,331
23/10/2012	32,997
24/10/2012	33,096
25/10/2012	33,067
26/10/2012	33,11
29/10/2012	32,995
30/10/2012	33,162
31/10/2012	33,116
02/11/2012	33,436
05/11/2012	33,283
06/11/2012	33,426
07/11/2012	33,156
08/11/2012	33,088
09/11/2012	33,091
12/11/2012	33,033
13/11/2012	33,166
14/11/2012	33,007
15/11/2012	32,867
16/11/2012	32,664
19/11/2012	33,057
20/11/2012	33,093
21/11/2012	33,166
22/11/2012	33,3
23/11/2012	33,415
26/11/2012	33,334
27/11/2012	33,385
28/11/2012	33,489
29/11/2012	33,754
30/11/2012	33,717
03/12/2012	33,77
04/12/2012	33,825
05/12/2012	33,829
06/12/2012	33,87
07/12/2012	33,867
10/12/2012	33,718
11/12/2012	33,843
12/12/2012	33,923
13/12/2012	33,896
14/12/2012	33,914
17/12/2012	33,912
18/12/2012	34,024
19/12/2012	34,145
20/12/2012	34,193
21/12/2012	34,136
27/12/2012	34,148
28/12/2012	34,04
02/01/2013	34,477
03/01/2013	34,538
04/01/2013	34,566
07/01/2013	34,486
08/01/2013	34,508
09/01/2013	34,693
10/01/2013	34,706
11/01/2013	34,697
14/01/2013	34,605
15/01/2013	34,636
16/01/2013	34,616
17/01/2013	34,685
18/01/2013	34,712
21/01/2013	34,723
22/01/2013	34,762
23/01/2013	34,783
24/01/2013	34,854
25/01/2013	34,865
28/01/2013	34,833
29/01/2013	34,898
30/01/2013	34,649
31/01/2013	34,619
01/02/2013	34,636
04/02/2013	34,202
05/02/2013	34,324
06/02/2013	34,22
07/02/2013	34,173
08/02/2013	34,415
11/02/2013	34,27
12/02/2013	34,398
13/02/2013	34,508
14/02/2013	34,47
15/02/2013	34,44
18/02/2013	34,385
19/02/2013	34,609
20/02/2013	34,517
21/02/2013	34,196
22/02/2013	34,456
25/02/2013	34,451
26/02/2013	34,008
27/02/2013	34,225
28/02/2013	34,429
01/03/2013	34,358
04/03/2013	34,31
05/03/2013	34,662
06/03/2013	34,637
07/03/2013	34,656
08/03/2013	34,834
11/03/2013	34,782
12/03/2013	34,786
13/03/2013	34,726
14/03/2013	34,964
15/03/2013	34,912
18/03/2013	34,871
19/03/2013	34,779
20/03/2013	34,892
21/03/2013	34,824
22/03/2013	34,833
25/03/2013	34,724
26/03/2013	34,711
27/03/2013	34,608
28/03/2013	34,667
02/04/2013	34,921
03/04/2013	34,746
04/04/2013	34,632
05/04/2013	34,541
08/04/2013	34,576
09/04/2013	34,61
10/04/2013	34,933
11/04/2013	35,039
12/04/2013	34,894
15/04/2013	34,784
16/04/2013	34,648
17/04/2013	34,424
18/04/2013	34,442
19/04/2013	34,6
22/04/2013	34,765
23/04/2013	35,289
24/04/2013	35,399
26/04/2013	35,476
29/04/2013	35,691
30/04/2013	35,651
02/05/2013	35,768
03/05/2013	35,938
06/05/2013	35,918
07/05/2013	36,022
08/05/2013	36,178
09/05/2013	36,111
10/05/2013	36,186
13/05/2013	36,105
14/05/2013	36,175
15/05/2013	36,337
16/05/2013	36,386
17/05/2013	36,489
20/05/2013	36,587
21/05/2013	36,568
22/05/2013	36,641
23/05/2013	36,125
24/05/2013	36,022
27/05/2013	36,161
28/05/2013	36,444
29/05/2013	36,013
30/05/2013	36,103
31/05/2013	35,916
03/06/2013	35,738
04/06/2013	35,825
05/06/2013	35,559
06/06/2013	35,168
07/06/2013	35,446
10/06/2013	35,344
11/06/2013	35,05
12/06/2013	34,944
13/06/2013	34,964
14/06/2013	35,066
17/06/2013	35,197
18/06/2013	35,161
19/06/2013	35,117
20/06/2013	34,361
21/06/2013	34,065
24/06/2013	33,686
25/06/2013	33,867
26/06/2013	34,284
27/06/2013	34,465
28/06/2013	34,36
01/07/2013	34,634
02/07/2013	34,556
03/07/2013	34,404
04/07/2013	34,933
05/07/2013	34,643
08/07/2013	34,943
09/07/2013	35,062
10/07/2013	35,034
11/07/2013	35,107
12/07/2013	35,05
15/07/2013	35,153
16/07/2013	35,047
17/07/2013	35,158
18/07/2013	35,414
19/07/2013	35,437
22/07/2013	35,514
23/07/2013	35,446
24/07/2013	35,556
25/07/2013	35,473
26/07/2013	35,429
29/07/2013	35,391
30/07/2013	35,474
31/07/2013	35,491
01/08/2013	35,756
02/08/2013	35,818
05/08/2013	35,81
06/08/2013	35,741
07/08/2013	35,754
08/08/2013	35,898
09/08/2013	35,996
12/08/2013	36,017
13/08/2013	36,045
14/08/2013	36,122
16/08/2013	36,021
19/08/2013	35,822
20/08/2013	35,654
21/08/2013	35,524
22/08/2013	35,735
23/08/2013	35,783
26/08/2013	35,72
27/08/2013	35,395
28/08/2013	35,358
29/08/2013	35,504
30/08/2013	35,327
02/09/2013	35,645
03/09/2013	35,555
04/09/2013	35,529
05/09/2013	35,586
06/09/2013	35,748
09/09/2013	35,757
10/09/2013	35,914
11/09/2013	36,039
12/09/2013	36,036
13/09/2013	36,084
16/09/2013	36,254
17/09/2013	36,195
18/09/2013	36,25
19/09/2013	36,446
20/09/2013	36,367
23/09/2013	36,335
24/09/2013	36,434
25/09/2013	36,434
26/09/2013	36,376
27/09/2013	36,297
30/09/2013	36,198
01/10/2013	36,44
02/10/2013	36,354
03/10/2013	36,283
04/10/2013	36,348
07/10/2013	36,361
08/10/2013	36,205
09/10/2013	36,151
10/10/2013	36,447
11/10/2013	36,561
14/10/2013	36,606
15/10/2013	36,736
16/10/2013	36,831
17/10/2013	36,901
18/10/2013	37,075
21/10/2013	37,121
22/10/2013	37,289
23/10/2013	37,115
24/10/2013	37,224
25/10/2013	37,135
28/10/2013	37,119
29/10/2013	37,288
30/10/2013	37,282
31/10/2013	37,41
04/11/2013	37,436
05/11/2013	37,312
06/11/2013	37,399
07/11/2013	37,395
08/11/2013	37,35
11/11/2013	37,416
12/11/2013	37,278
13/11/2013	37,171
14/11/2013	37,339
15/11/2013	37,356
18/11/2013	37,545
19/11/2013	37,356
20/11/2013	37,367
21/11/2013	37,359
22/11/2013	37,384
25/11/2013	37,451
26/11/2013	37,365
27/11/2013	37,462
28/11/2013	37,555
29/11/2013	37,546
02/12/2013	37,416
03/12/2013	37,106
04/12/2013	36,95
05/12/2013	36,726
06/12/2013	36,873
09/12/2013	36,952
10/12/2013	36,853
11/12/2013	36,729
12/12/2013	36,519
13/12/2013	36,507
16/12/2013	36,794
17/12/2013	36,623
18/12/2013	36,771
19/12/2013	37,103
20/12/2013	37,203
23/12/2013	37,327
27/12/2013	37,55
30/12/2013	37,57
02/01/2014	37,528
03/01/2014	37,677
07/01/2014	37,887
08/01/2014	37,876
09/01/2014	37,789
10/01/2014	37,927
13/01/2014	38,017
14/01/2014	38,068
15/01/2014	38,324
16/01/2014	38,298
17/01/2014	38,437
20/01/2014	38,447
21/01/2014	38,45
22/01/2014	38,431
23/01/2014	38,251
24/01/2014	37,794
27/01/2014	37,658
28/01/2014	37,808
29/01/2014	37,704
30/01/2014	37,776
31/01/2014	37,778
03/02/2014	37,477
04/02/2014	37,456
05/02/2014	37,502
06/02/2014	37,793
07/02/2014	37,972
10/02/2014	37,968
11/02/2014	38,222
12/02/2014	38,378
13/02/2014	38,359
14/02/2014	38,514
17/02/2014	38,613
18/02/2014	38,654
19/02/2014	38,653
20/02/2014	38,604
21/02/2014	38,69
24/02/2014	38,79
25/02/2014	38,819
26/02/2014	38,809
27/02/2014	38,836
28/02/2014	38,842
03/03/2014	38,401
04/03/2014	38,847
05/03/2014	38,933
06/03/2014	38,908
07/03/2014	38,695
10/03/2014	38,672
11/03/2014	38,673
12/03/2014	38,516
13/03/2014	38,34
14/03/2014	38,201
17/03/2014	38,488
18/03/2014	38,642
19/03/2014	38,587
20/03/2014	38,592
21/03/2014	38,606
24/03/2014	38,392
25/03/2014	38,648
26/03/2014	38,861
27/03/2014	38,943
28/03/2014	39,125
31/03/2014	39,184
01/04/2014	39,312
02/04/2014	39,256
03/04/2014	39,369
04/04/2014	39,57
07/04/2014	39,334
08/04/2014	39,196
09/04/2014	39,247
10/04/2014	39,158
11/04/2014	38,903
14/04/2014	38,988
15/04/2014	38,798
16/04/2014	39,137
17/04/2014	39,206
22/04/2014	39,48
23/04/2014	39,358
24/04/2014	39,428
28/04/2014	39,31
29/04/2014	39,585
30/04/2014	39,588
02/05/2014	39,62
05/05/2014	39,552
06/05/2014	39,501
07/05/2014	39,429
08/05/2014	39,745
09/05/2014	39,606
12/05/2014	39,729
13/05/2014	39,769
14/05/2014	39,801
15/05/2014	39,481
16/05/2014	39,565
19/05/2014	39,506
20/05/2014	39,448
21/05/2014	39,588
22/05/2014	39,566
23/05/2014	39,709
26/05/2014	39,999
27/05/2014	40,042
28/05/2014	40,128
29/05/2014	40,11
30/05/2014	40,112
03/06/2014	40,062
04/06/2014	40,042
05/06/2014	40,218
06/06/2014	40,481
09/06/2014	40,594
10/06/2014	40,598
11/06/2014	40,469
12/06/2014	40,437
13/06/2014	40,435
16/06/2014	40,324
17/06/2014	40,329
18/06/2014	40,317
19/06/2014	40,489
20/06/2014	40,42
23/06/2014	40,326
24/06/2014	40,312
25/06/2014	40,153
26/06/2014	40,118
27/06/2014	40,094
30/06/2014	40,089
01/07/2014	40,272
02/07/2014	40,297
03/07/2014	40,512
04/07/2014	40,432
07/07/2014	40,247
08/07/2014	39,923
09/07/2014	39,933
10/07/2014	39,664
11/07/2014	39,727
14/07/2014	39,882
15/07/2014	39,783
16/07/2014	40,126
17/07/2014	39,907
18/07/2014	39,929
21/07/2014	39,802
22/07/2014	40,079
23/07/2014	40,102
24/07/2014	40,226
25/07/2014	40,077
28/07/2014	40,053
29/07/2014	40,159
30/07/2014	39,989
31/07/2014	39,736
01/08/2014	39,472
04/08/2014	39,494
05/08/2014	39,431
06/08/2014	39,192
07/08/2014	39
08/08/2014	38,933
11/08/2014	39,2
12/08/2014	39,164
13/08/2014	39,286
14/08/2014	39,349
18/08/2014	39,508
19/08/2014	39,624
20/08/2014	39,606
21/08/2014	39,814
22/08/2014	39,771
25/08/2014	40,069
26/08/2014	40,287
27/08/2014	40,345
28/08/2014	40,154
29/08/2014	40,194
01/09/2014	40,197
02/09/2014	40,165
03/09/2014	40,321
04/09/2014	40,645
05/09/2014	40,653
08/09/2014	40,529
09/09/2014	40,386
10/09/2014	40,353
11/09/2014	40,288
12/09/2014	40,272
15/09/2014	40,192
16/09/2014	40,117
17/09/2014	40,298
18/09/2014	40,446
19/09/2014	40,516
22/09/2014	40,41
23/09/2014	40,118
24/09/2014	40,302
25/09/2014	40,108
26/09/2014	40,218
29/09/2014	40,085
30/09/2014	40,295
01/10/2014	40,154
02/10/2014	39,579
03/10/2014	39,788
06/10/2014	39,787
07/10/2014	39,478
08/10/2014	39,325
09/10/2014	39,211
10/10/2014	38,938
13/10/2014	38,904
14/10/2014	38,953
15/10/2014	38,283
16/10/2014	38,039
17/10/2014	38,595
20/10/2014	38,433
21/10/2014	38,895
22/10/2014	39,041
23/10/2014	39,197
24/10/2014	39,162
27/10/2014	38,964
28/10/2014	39,22
29/10/2014	39,169
30/10/2014	39,28
31/10/2014	39,764
03/11/2014	39,53
04/11/2014	39,29
05/11/2014	39,644
06/11/2014	39,68
07/11/2014	39,542
10/11/2014	39,71
11/11/2014	39,782
12/11/2014	39,476
13/11/2014	39,54
14/11/2014	39,571
17/11/2014	39,708
18/11/2014	39,84
19/11/2014	39,81
20/11/2014	39,758
21/11/2014	40,33
24/11/2014	40,372
25/11/2014	40,441
26/11/2014	40,436
27/11/2014	40,583
28/11/2014	40,562
01/12/2014	40,43
02/12/2014	40,515
03/12/2014	40,668
04/12/2014	40,33
05/12/2014	40,743
09/12/2014	40,186
10/12/2014	40,074
11/12/2014	40,073
12/12/2014	39,579
15/12/2014	39,155
16/12/2014	39,49
17/12/2014	39,553
18/12/2014	40,086
19/12/2014	40,165
22/12/2014	40,281
23/12/2014	40,437
29/12/2014	40,434
30/12/2014	40,28
02/01/2015	40,385
05/01/2015	39,807
07/01/2015	39,771
08/01/2015	40,318
09/01/2015	39,961
12/01/2015	40,131
13/01/2015	40,444
14/01/2015	40,231
15/01/2015	40,798
16/01/2015	41,195
19/01/2015	41,256
20/01/2015	41,414
21/01/2015	41,53
22/01/2015	42,077
23/01/2015	42,514
26/01/2015	42,678
27/01/2015	42,451
28/01/2015	42,403
29/01/2015	42,384
30/01/2015	42,334
02/02/2015	42,336
03/02/2015	42,611
04/02/2015	42,681
05/02/2015	42,697
06/02/2015	42,702
09/02/2015	42,463
10/02/2015	42,619
11/02/2015	42,546
12/02/2015	42,78
13/02/2015	42,937
16/02/2015	42,885
17/02/2015	42,901
18/02/2015	43,126
19/02/2015	43,189
20/02/2015	43,247
23/02/2015	43,423
24/02/2015	43,593
25/02/2015	43,567
26/02/2015	43,884
27/02/2015	44,007
02/03/2015	43,946
03/03/2015	43,698
04/03/2015	43,83
05/03/2015	44,142
06/03/2015	44,165
09/03/2015	44,195
10/03/2015	44,098
11/03/2015	44,561
12/03/2015	44,577
13/03/2015	44,598
16/03/2015	44,82
17/03/2015	44,512
18/03/2015	44,479
19/03/2015	44,639
20/03/2015	44,899
23/03/2015	44,664
24/03/2015	44,782
25/03/2015	44,527
26/03/2015	44,34
27/03/2015	44,404
30/03/2015	44,703
31/03/2015	44,669
01/04/2015	44,739
02/04/2015	44,676
07/04/2015	45,07
08/04/2015	45,05
09/04/2015	45,252
10/04/2015	45,503
13/04/2015	45,581
14/04/2015	45,366
15/04/2015	45,623
16/04/2015	45,324
17/04/2015	44,766
20/04/2015	44,976
21/04/2015	45,067
22/04/2015	45,083
23/04/2015	44,952
24/04/2015	45,036
27/04/2015	45,325
28/04/2015	44,946
29/04/2015	44,231
30/04/2015	44,152
04/05/2015	44,18
05/05/2015	43,555
06/05/2015	43,33
07/05/2015	43,506
08/05/2015	44,141
11/05/2015	44,146
12/05/2015	43,793
13/05/2015	43,712
14/05/2015	43,952
15/05/2015	43,947
18/05/2015	43,971
19/05/2015	44,492
20/05/2015	44,555
21/05/2015	44,623
22/05/2015	44,638
25/05/2015	44,48
26/05/2015	44,319
27/05/2015	44,725
28/05/2015	44,59
29/05/2015	44,251
01/06/2015	44,166
03/06/2015	43,743
04/06/2015	43,604
05/06/2015	43,25
08/06/2015	43
09/06/2015	42,814
10/06/2015	43,24
11/06/2015	43,464
12/06/2015	43,205
15/06/2015	42,675
16/06/2015	42,807
17/06/2015	42,695
18/06/2015	42,803
19/06/2015	42,959
22/06/2015	43,553
23/06/2015	43,795
24/06/2015	43,728
25/06/2015	43,726
26/06/2015	43,729
29/06/2015	42,93
30/06/2015	42,73
01/07/2015	43,053
02/07/2015	42,864
03/07/2015	42,802
06/07/2015	42,383
07/07/2015	42,146
08/07/2015	42,248
09/07/2015	42,735
10/07/2015	43,134
13/07/2015	43,541
14/07/2015	43,628
15/07/2015	43,847
16/07/2015	44,167
17/07/2015	44,266
20/07/2015	44,408
21/07/2015	44,102
22/07/2015	44,039
23/07/2015	43,965
24/07/2015	43,852
27/07/2015	43,289
28/07/2015	43,569
29/07/2015	43,727
30/07/2015	43,899
31/07/2015	43,975
03/08/2015	44,191
04/08/2015	44,087
05/08/2015	44,248
06/08/2015	44,146
07/08/2015	43,987
10/08/2015	44,146
11/08/2015	43,915
12/08/2015	43,271
13/08/2015	43,541
14/08/2015	43,478
17/08/2015	43,584
18/08/2015	43,575
19/08/2015	43,222
20/08/2015	42,769
21/08/2015	42,114
24/08/2015	40,962
25/08/2015	41,707
26/08/2015	41,431
27/08/2015	42,076
28/08/2015	42,076
31/08/2015	42,005
01/09/2015	41,458
02/09/2015	41,562
03/09/2015	42,103
04/09/2015	41,627
07/09/2015	41,68
08/09/2015	41,968
09/09/2015	42,214
10/09/2015	41,979
11/09/2015	41,795
14/09/2015	41,655
15/09/2015	41,768
16/09/2015	42,017
17/09/2015	42,022
18/09/2015	41,779
21/09/2015	41,943
22/09/2015	41,416
23/09/2015	41,406
24/09/2015	40,962
25/09/2015	41,498
28/09/2015	41,102
29/09/2015	40,952
30/09/2015	41,444
01/10/2015	41,425
02/10/2015	41,562
05/10/2015	42,122
06/10/2015	42,245
07/10/2015	42,222
08/10/2015	42,278
09/10/2015	42,33
12/10/2015	42,256
13/10/2015	42,098
14/10/2015	41,971
15/10/2015	42,274
16/10/2015	42,434
19/10/2015	42,523
20/10/2015	42,364
21/10/2015	42,416
22/10/2015	42,988
23/10/2015	43,383
26/10/2015	43,325
27/10/2015	43,175
28/10/2015	43,426
29/10/2015	43,288
30/10/2015	43,28
02/11/2015	43,297
03/11/2015	43,327
04/11/2015	43,404
05/11/2015	43,31
06/11/2015	43,321
09/11/2015	43,053
10/11/2015	43,177
11/11/2015	43,314
12/11/2015	42,976
13/11/2015	42,885
16/11/2015	42,936
17/11/2015	43,48
18/11/2015	43,441
19/11/2015	43,575
20/11/2015	43,641
23/11/2015	43,562
24/11/2015	43,244
25/11/2015	43,646
26/11/2015	43,842
27/11/2015	43,846
30/11/2015	43,948
01/12/2015	43,86
02/12/2015	43,894
03/12/2015	43,001
04/12/2015	42,916
07/12/2015	43,159
09/12/2015	42,659
10/12/2015	42,603
11/12/2015	42,202
14/12/2015	41,769
15/12/2015	42,301
16/12/2015	42,319
17/12/2015	42,676
18/12/2015	42,495
21/12/2015	42,261
22/12/2015	42,125
23/12/2015	42,552
28/12/2015	42,51
29/12/2015	42,785
30/12/2015	42,684
04/01/2016	42,087
05/01/2016	42,254
07/01/2016	41,523
08/01/2016	41,292
11/01/2016	41,148
12/01/2016	41,356
13/01/2016	41,498
14/01/2016	41,054
15/01/2016	40,504
18/01/2016	40,374
19/01/2016	40,657
20/01/2016	39,91
21/01/2016	40,357
22/01/2016	40,93
25/01/2016	40,842
26/01/2016	41,057
27/01/2016	41,151
28/01/2016	40,806
29/01/2016	41,377
01/02/2016	41,327
02/02/2016	40,895
03/02/2016	40,581
04/02/2016	40,367
05/02/2016	40,118
08/02/2016	39,277
09/02/2016	38,925
10/02/2016	39,357
11/02/2016	38,562
12/02/2016	39,013
15/02/2016	39,712
16/02/2016	39,594
17/02/2016	40,103
18/02/2016	40,237
19/02/2016	40,076
22/02/2016	40,488
23/02/2016	40,326
24/02/2016	39,892
25/02/2016	40,309
26/02/2016	40,609
29/02/2016	40,777
01/03/2016	41,154
02/03/2016	41,13
03/03/2016	41,083
04/03/2016	41,09
07/03/2016	40,98
08/03/2016	40,918
09/03/2016	41,045
10/03/2016	40,806
11/03/2016	41,44
14/03/2016	41,599
15/03/2016	41,334
16/03/2016	41,376
17/03/2016	41,435
18/03/2016	41,485
21/03/2016	41,468
22/03/2016	41,471
23/03/2016	41,461
24/03/2016	41,231
29/03/2016	41,382
30/03/2016	41,659
31/03/2016	41,416
01/04/2016	41,177
04/04/2016	41,229
05/04/2016	40,886
06/04/2016	40,984
07/04/2016	40,771
08/04/2016	41,073
11/04/2016	41,127
12/04/2016	41,074
13/04/2016	41,616
14/04/2016	41,628
15/04/2016	41,567
18/04/2016	41,636
19/04/2016	41,875
20/04/2016	41,929
21/04/2016	41,757
22/04/2016	41,723
26/04/2016	41,646
27/04/2016	41,746
28/04/2016	41,844
29/04/2016	41,496
02/05/2016	41,5
03/05/2016	41,245
04/05/2016	41,076
05/05/2016	41,141
06/05/2016	41,088
09/05/2016	41,218
10/05/2016	41,336
11/05/2016	41,216
12/05/2016	41,159
13/05/2016	41,248
16/05/2016	41,238
17/05/2016	41,216
18/05/2016	41,321
19/05/2016	41,185
20/05/2016	41,433
23/05/2016	41,392
24/05/2016	41,831
25/05/2016	42,086
26/05/2016	42,113
27/05/2016	42,158
30/05/2016	42,18
31/05/2016	42,097
01/06/2016	41,919
03/06/2016	41,81
06/06/2016	41,811
07/06/2016	42,116
08/06/2016	42,06
09/06/2016	41,915
10/06/2016	41,398
13/06/2016	40,925
14/06/2016	40,537
15/06/2016	40,652
16/06/2016	40,449
17/06/2016	40,762
20/06/2016	41,484
21/06/2016	41,639
22/06/2016	41,649
23/06/2016	41,971
24/06/2016	40,476
27/06/2016	39,737
28/06/2016	40,259
29/06/2016	40,819
30/06/2016	41,136
01/07/2016	41,349
04/07/2016	41,142
05/07/2016	40,845
06/07/2016	40,548
07/07/2016	40,712
08/07/2016	41,097
11/07/2016	41,396
12/07/2016	41,565
13/07/2016	41,595
14/07/2016	41,711
15/07/2016	41,617
18/07/2016	41,673
19/07/2016	41,661
20/07/2016	41,847
21/07/2016	41,849
22/07/2016	41,867
25/07/2016	41,93
26/07/2016	41,947
27/07/2016	42,08
28/07/2016	41,925
29/07/2016	42,119
01/08/2016	41,976
02/08/2016	41,679
03/08/2016	41,642
04/08/2016	41,828
05/08/2016	42,052
08/08/2016	42,078
09/08/2016	42,226
10/08/2016	42,254
11/08/2016	42,426
12/08/2016	42,427
16/08/2016	42,181
17/08/2016	41,991
18/08/2016	42,204
19/08/2016	41,97
22/08/2016	42,066
23/08/2016	42,276
24/08/2016	42,349
25/08/2016	42,17
26/08/2016	42,238
29/08/2016	42,193
30/08/2016	42,312
31/08/2016	42,201
01/09/2016	42,2
02/09/2016	42,527
05/09/2016	42,587
06/09/2016	42,605
07/09/2016	42,7
08/09/2016	42,52
09/09/2016	42,135
12/09/2016	41,906
13/09/2016	41,712
14/09/2016	41,734
15/09/2016	41,799
16/09/2016	41,663
19/09/2016	41,879
20/09/2016	41,927
21/09/2016	41,978
22/09/2016	42,394
23/09/2016	42,22
26/09/2016	41,95
27/09/2016	41,962
28/09/2016	42,096
29/09/2016	42,067
30/09/2016	42,109
03/10/2016	42,058
04/10/2016	42,148
05/10/2016	41,959
06/10/2016	41,909
07/10/2016	41,644
10/10/2016	41,761
11/10/2016	41,692
12/10/2016	41,537
13/10/2016	41,41
14/10/2016	41,679
17/10/2016	41,567
18/10/2016	41,901
19/10/2016	41,978
20/10/2016	42,018
21/10/2016	41,999
24/10/2016	41,995
25/10/2016	41,896
26/10/2016	41,72
27/10/2016	41,647
28/10/2016	41,543
31/10/2016	41,456
02/11/2016	41,012
03/11/2016	40,955
04/11/2016	40,783
07/11/2016	41,058
08/11/2016	41,1
09/11/2016	41,25
10/11/2016	40,999
11/11/2016	40,854
14/11/2016	40,723
15/11/2016	40,827
16/11/2016	40,757
17/11/2016	40,832
18/11/2016	40,735
21/11/2016	40,785
22/11/2016	40,935
23/11/2016	40,853
24/11/2016	40,892
25/11/2016	40,961
28/11/2016	40,832
29/11/2016	40,98
30/11/2016	41,068
01/12/2016	40,981
02/12/2016	40,997
05/12/2016	40,989
06/12/2016	41,292
07/12/2016	41,576
09/12/2016	41,863
12/12/2016	41,778
13/12/2016	42,076
14/12/2016	42,035
15/12/2016	42,202
16/12/2016	42,308
19/12/2016	42,342
20/12/2016	42,473
21/12/2016	42,454
22/12/2016	42,39
23/12/2016	42,478
27/12/2016	42,514
28/12/2016	42,562
29/12/2016	42,526
30/12/2016	42,523
02/01/2017	42,696
03/01/2017	42,744
04/01/2017	42,712
05/01/2017	42,727
09/01/2017	42,57
10/01/2017	42,602
11/01/2017	42,716
12/01/2017	42,525
13/01/2017	42,715
16/01/2017	42,569
17/01/2017	42,539
18/01/2017	42,544
19/01/2017	42,543
20/01/2017	42,49
23/01/2017	42,468
24/01/2017	42,486
25/01/2017	42,638
26/01/2017	42,645
27/01/2017	42,607
30/01/2017	42,285
31/01/2017	42,165
01/02/2017	42,279
02/02/2017	42,33
03/02/2017	42,427
06/02/2017	42,201
07/02/2017	42,259
08/02/2017	42,389
09/02/2017	42,59
10/02/2017	42,557
13/02/2017	42,743
14/02/2017	42,762
15/02/2017	42,788
16/02/2017	42,827
17/02/2017	42,785
20/02/2017	42,804
21/02/2017	42,866
22/02/2017	42,874
23/02/2017	42,865
24/02/2017	42,721
27/02/2017	42,767
28/02/2017	42,829
01/03/2017	43,131
02/03/2017	43,148
03/03/2017	43,173
06/03/2017	42,995
07/03/2017	42,929
08/03/2017	42,881
09/03/2017	42,818
10/03/2017	42,802
13/03/2017	42,889
14/03/2017	42,841
15/03/2017	43,009
16/03/2017	43,163
17/03/2017	43,218
20/03/2017	43,186
21/03/2017	43,092
22/03/2017	43,053
23/03/2017	43,215
24/03/2017	43,276
27/03/2017	43,183
28/03/2017	43,34
29/03/2017	43,436
30/03/2017	43,567
31/03/2017	43,59
03/04/2017	43,48
04/04/2017	43,54
05/04/2017	43,57
06/04/2017	43,599
07/04/2017	43,663
10/04/2017	43,673
11/04/2017	43,625
12/04/2017	43,583
13/04/2017	43,481
18/04/2017	43,229
19/04/2017	43,324
20/04/2017	43,336
21/04/2017	43,306
24/04/2017	43,886
26/04/2017	43,987
27/04/2017	43,996
28/04/2017	43,968
02/05/2017	44,106
03/05/2017	44,124
04/05/2017	44,295
05/05/2017	44,526
08/05/2017	44,475
09/05/2017	44,546
10/05/2017	44,651
11/05/2017	44,536
12/05/2017	44,616
15/05/2017	44,662
16/05/2017	44,71
17/05/2017	44,444
18/05/2017	44,325
19/05/2017	44,491
22/05/2017	44,465
23/05/2017	44,522
24/05/2017	44,57
25/05/2017	44,576
26/05/2017	44,575
29/05/2017	44,458
30/05/2017	44,462
31/05/2017	44,4
01/06/2017	44,513
05/06/2017	44,493
06/06/2017	44,447
07/06/2017	44,406
08/06/2017	44,531
09/06/2017	44,629
12/06/2017	44,446
13/06/2017	44,596
14/06/2017	44,562
15/06/2017	44,369
16/06/2017	44,462
19/06/2017	44,648
20/06/2017	44,535
21/06/2017	44,556
22/06/2017	44,509
23/06/2017	44,436
26/06/2017	44,521
27/06/2017	44,184
28/06/2017	44,257
29/06/2017	43,883
30/06/2017	43,775
03/07/2017	44,001
04/07/2017	43,975
05/07/2017	43,993
06/07/2017	43,81
07/07/2017	43,774
10/07/2017	43,914
11/07/2017	43,793
12/07/2017	44,128
13/07/2017	44,196
14/07/2017	44,251
17/07/2017	44,284
18/07/2017	44,115
19/07/2017	44,278
20/07/2017	44,26
21/07/2017	44,049
24/07/2017	44,041
25/07/2017	44,058
26/07/2017	44,214
27/07/2017	44,222
28/07/2017	43,995
31/07/2017	44,018
01/08/2017	44,198
02/08/2017	44,138
03/08/2017	44,227
04/08/2017	44,37
07/08/2017	44,427
08/08/2017	44,45
09/08/2017	44,354
10/08/2017	44,194
11/08/2017	43,95
14/08/2017	44,144
16/08/2017	44,321
17/08/2017	44,238
18/08/2017	44,127
21/08/2017	44,075
22/08/2017	44,168
23/08/2017	44,109
24/08/2017	44,146
25/08/2017	44,135
28/08/2017	44,063
29/08/2017	43,832
30/08/2017	43,954
31/08/2017	44,156
01/09/2017	44,308
04/09/2017	44,221
05/09/2017	44,223
06/09/2017	44,183
07/09/2017	44,26
08/09/2017	44,267
11/09/2017	44,476
12/09/2017	44,515
13/09/2017	44,508
14/09/2017	44,51
15/09/2017	44,439
18/09/2017	44,528
19/09/2017	44,571
20/09/2017	44,544
21/09/2017	44,579
22/09/2017	44,608
25/09/2017	44,633
26/09/2017	44,638
27/09/2017	44,708
28/09/2017	44,746
29/09/2017	44,856
02/10/2017	44,962
03/10/2017	44,983
04/10/2017	44,899
05/10/2017	44,981
06/10/2017	44,856
09/10/2017	44,907
10/10/2017	44,876
11/10/2017	44,94
12/10/2017	44,949
13/10/2017	45,047
16/10/2017	45,108
17/10/2017	45,07
18/10/2017	45,08
19/10/2017	44,898
20/10/2017	44,971
23/10/2017	45,04
24/10/2017	44,983
25/10/2017	44,879
26/10/2017	45,168
27/10/2017	45,237
30/10/2017	45,361
31/10/2017	45,427
02/11/2017	45,479
03/11/2017	45,527
06/11/2017	45,597
07/11/2017	45,575
08/11/2017	45,476
09/11/2017	45,151
10/11/2017	45,043
13/11/2017	44,876
14/11/2017	44,758
15/11/2017	44,606
16/11/2017	44,774
17/11/2017	44,714
20/11/2017	44,891
21/11/2017	45,041
22/11/2017	45,011
23/11/2017	45,001
24/11/2017	44,957
27/11/2017	44,851
28/11/2017	44,963
29/11/2017	44,992
30/11/2017	44,967
01/12/2017	44,865
04/12/2017	44,998
05/12/2017	44,985
06/12/2017	44,968
07/12/2017	45,01
11/12/2017	45,197
12/12/2017	45,268
13/12/2017	45,13
14/12/2017	45,03
15/12/2017	44,958
18/12/2017	45,23
19/12/2017	45,095
20/12/2017	44,935
21/12/2017	45,022
22/12/2017	45,014
27/12/2017	45,033
28/12/2017	44,965
29/12/2017	44,85
02/01/2018	44,798
03/01/2018	44,95
04/01/2018	45,23
05/01/2018	45,456
08/01/2018	45,574
09/01/2018	45,659
10/01/2018	45,629
11/01/2018	45,582
12/01/2018	45,674
15/01/2018	45,637
16/01/2018	45,688
17/01/2018	45,685
18/01/2018	45,752
19/01/2018	45,899
22/01/2018	46
23/01/2018	46,013
24/01/2018	45,888
25/01/2018	45,769
26/01/2018	45,853
29/01/2018	45,771
30/01/2018	45,527
31/01/2018	45,521
01/02/2018	45,455
02/02/2018	45,076
05/02/2018	44,757
06/02/2018	44,329
07/02/2018	44,706
08/02/2018	44,33
09/02/2018	43,986
12/02/2018	44,144
13/02/2018	44,004
14/02/2018	44,224
15/02/2018	44,367
16/02/2018	44,648
19/02/2018	44,492
20/02/2018	44,569
21/02/2018	44,65
22/02/2018	44,588
23/02/2018	44,674
26/02/2018	44,79
27/02/2018	44,759
28/02/2018	44,665
01/03/2018	44,386
02/03/2018	43,89
05/03/2018	44,002
06/03/2018	44,156
07/03/2018	44,261
08/03/2018	44,508
09/03/2018	44,615
12/03/2018	44,669
13/03/2018	44,544
14/03/2018	44,474
15/03/2018	44,619
16/03/2018	44,674
19/03/2018	44,491
20/03/2018	44,63
21/03/2018	44,633
22/03/2018	44,359
23/03/2018	44,209
26/03/2018	44,055
27/03/2018	44,29
28/03/2018	44,346
29/03/2018	44,447
03/04/2018	44,388
04/04/2018	44,277
05/04/2018	44,693
06/04/2018	44,708
09/04/2018	44,701
10/04/2018	44,87
11/04/2018	44,775
12/04/2018	44,933
13/04/2018	44,996
16/04/2018	44,924
17/04/2018	45,155
18/04/2018	45,269
19/04/2018	45,249
20/04/2018	45,22
23/04/2018	45,282
24/04/2018	45,302
26/04/2018	45,296
27/04/2018	45,371
30/04/2018	45,366
02/05/2018	45,507
03/05/2018	45,396
04/05/2018	45,511
07/05/2018	45,67
08/05/2018	45,724
09/05/2018	45,854
10/05/2018	45,844
11/05/2018	45,941
14/05/2018	45,904
15/05/2018	45,906
16/05/2018	45,888
17/05/2018	46,017
18/05/2018	45,926
21/05/2018	45,931
22/05/2018	46,016
23/05/2018	45,727
24/05/2018	45,612
25/05/2018	45,539
28/05/2018	45,337
29/05/2018	44,532
30/05/2018	44,766
31/05/2018	44,886
01/06/2018	45,061
04/06/2018	45,224
05/06/2018	45,141
06/06/2018	45,011
07/06/2018	44,907
08/06/2018	44,847
11/06/2018	45,122
12/06/2018	45,117
13/06/2018	45,182
14/06/2018	45,417
15/06/2018	45,341
18/06/2018	45,231
19/06/2018	45,04
20/06/2018	45,057
21/06/2018	44,829
22/06/2018	44,963
25/06/2018	44,54
26/06/2018	44,501
27/06/2018	44,642
28/06/2018	44,448
29/06/2018	44,633
02/07/2018	44,438
03/07/2018	44,571
04/07/2018	44,553
05/07/2018	44,587
06/07/2018	44,65
09/07/2018	44,783
10/07/2018	44,912
11/07/2018	44,677
12/07/2018	44,812
13/07/2018	44,851
16/07/2018	44,816
17/07/2018	44,899
18/07/2018	44,996
19/07/2018	44,967
20/07/2018	44,894
23/07/2018	44,824
24/07/2018	44,958
25/07/2018	44,964
26/07/2018	45,034
27/07/2018	45,089
30/07/2018	45,026
31/07/2018	45,047
01/08/2018	44,965
02/08/2018	44,766
03/08/2018	44,878
06/08/2018	44,903
07/08/2018	45,005
08/08/2018	44,907
09/08/2018	44,96
10/08/2018	44,741
13/08/2018	44,657
14/08/2018	44,679
16/08/2018	44,495
17/08/2018	44,454
20/08/2018	44,601
21/08/2018	44,659
22/08/2018	44,634
23/08/2018	44,601
24/08/2018	44,574
27/08/2018	44,662
28/08/2018	44,679
29/08/2018	44,702
30/08/2018	44,645
31/08/2018	44,496
03/09/2018	44,529
04/09/2018	44,421
05/09/2018	44,206
06/09/2018	44,122
07/09/2018	44,15
10/09/2018	44,251
11/09/2018	44,258
12/09/2018	44,367
13/09/2018	44,33
14/09/2018	44,393
17/09/2018	44,445
18/09/2018	44,469
19/09/2018	44,519
20/09/2018	44,602
21/09/2018	44,702
24/09/2018	44,579
25/09/2018	44,69
26/09/2018	44,732
27/09/2018	44,78
28/09/2018	44,598
01/10/2018	44,533
02/10/2018	44,41
03/10/2018	44,55
04/10/2018	44,284
05/10/2018	44,004
08/10/2018	43,717
09/10/2018	43,773
10/10/2018	43,366
11/10/2018	42,936
12/10/2018	42,89
15/10/2018	42,868
16/10/2018	43,206
17/10/2018	43,175
18/10/2018	43,083
19/10/2018	43,125
22/10/2018	43,033
23/10/2018	42,664
24/10/2018	42,607
25/10/2018	42,655
26/10/2018	42,523
29/10/2018	42,746
30/10/2018	42,694
31/10/2018	43,058
02/11/2018	43,289
05/11/2018	43,257
06/11/2018	43,211
07/11/2018	43,381
08/11/2018	43,452
09/11/2018	43,395
12/11/2018	43,235
13/11/2018	43,277
14/11/2018	43,136
15/11/2018	42,864
16/11/2018	42,812
19/11/2018	42,612
20/11/2018	42,272
21/11/2018	42,532
22/11/2018	42,484
23/11/2018	42,526
26/11/2018	42,787
27/11/2018	42,708
28/11/2018	42,684
29/11/2018	42,751
30/11/2018	42,72
03/12/2018	43,02
04/12/2018	42,909
05/12/2018	42,722
06/12/2018	42,018
07/12/2018	42,137
10/12/2018	41,769
11/12/2018	42,007
12/12/2018	42,359
13/12/2018	42,392
14/12/2018	42,295
17/12/2018	42,048
18/12/2018	41,938
19/12/2018	42,005
20/12/2018	41,757
21/12/2018	41,661
27/12/2018	41,287
28/12/2018	41,689
02/01/2019	41,754
03/01/2019	41,571
04/01/2019	42,056
07/01/2019	42,057
08/01/2019	42,249
09/01/2019	42,405
10/01/2019	42,437
11/01/2019	42,526
14/01/2019	42,459
15/01/2019	42,556
16/01/2019	42,734
17/01/2019	42,762
18/01/2019	43,164
21/01/2019	43,127
22/01/2019	43,064
23/01/2019	43,099
24/01/2019	43,169
25/01/2019	43,319
28/01/2019	43,122
29/01/2019	43,293
30/01/2019	43,374
31/01/2019	43,409
01/02/2019	43,432
04/02/2019	43,441
05/02/2019	43,727
06/02/2019	43,752
07/02/2019	43,428
08/02/2019	43,226
11/02/2019	43,395
12/02/2019	43,537
13/02/2019	43,671
14/02/2019	43,613
15/02/2019	43,908
18/02/2019	43,989
19/02/2019	43,971
20/02/2019	44,027
21/02/2019	43,988
22/02/2019	44,035
25/02/2019	44,108
26/02/2019	44,231
27/02/2019	44,138
28/02/2019	44,128
01/03/2019	44,248
04/03/2019	44,322
05/03/2019	44,342
06/03/2019	44,353
07/03/2019	44,339
08/03/2019	44,136
11/03/2019	44,237
12/03/2019	44,258
13/03/2019	44,394
14/03/2019	44,589
15/03/2019	44,743
18/03/2019	44,834
19/03/2019	44,974
20/03/2019	44,765
21/03/2019	44,763
22/03/2019	44,549
25/03/2019	44,421
26/03/2019	44,594
27/03/2019	44,629
28/03/2019	44,61
29/03/2019	44,731
01/04/2019	45,005
02/04/2019	45,117
03/04/2019	45,318
04/04/2019	45,277
05/04/2019	45,315
08/04/2019	45,275
09/04/2019	45,187
10/04/2019	45,246
11/04/2019	45,294
12/04/2019	45,306
15/04/2019	45,356
16/04/2019	45,392
17/04/2019	45,385
18/04/2019	45,431
23/04/2019	45,479
24/04/2019	45,478
26/04/2019	45,471
29/04/2019	45,468
30/04/2019	45,5
02/05/2019	45,379
03/05/2019	45,477
06/05/2019	45,336
07/05/2019	45,021
08/05/2019	44,994
09/05/2019	44,708
10/05/2019	44,747
13/05/2019	44,466
14/05/2019	44,624
15/05/2019	44,723
16/05/2019	45,018
17/05/2019	45,017
20/05/2019	44,818
21/05/2019	44,939
22/05/2019	44,939
23/05/2019	44,646
24/05/2019	44,774
27/05/2019	44,786
28/05/2019	44,786
29/05/2019	44,45
30/05/2019	44,519
31/05/2019	44,319
03/06/2019	44,393
04/06/2019	44,51
05/06/2019	44,624
06/06/2019	44,643
07/06/2019	44,881
10/06/2019	44,889
11/06/2019	45,041
12/06/2019	45,005
13/06/2019	45,055
14/06/2019	44,965
17/06/2019	44,943
18/06/2019	45,326
19/06/2019	45,386
20/06/2019	45,53
21/06/2019	45,436
24/06/2019	45,361
25/06/2019	45,329
26/06/2019	45,257
27/06/2019	45,252
28/06/2019	45,391
01/07/2019	45,647
02/07/2019	45,776
03/07/2019	45,989
04/07/2019	45,988
05/07/2019	45,808
08/07/2019	45,785
09/07/2019	45,66
10/07/2019	45,612
11/07/2019	45,579
12/07/2019	45,545
15/07/2019	45,624
16/07/2019	45,704
17/07/2019	45,652
18/07/2019	45,592
19/07/2019	45,636
22/07/2019	45,67
23/07/2019	45,874
24/07/2019	45,938
25/07/2019	45,811
26/07/2019	45,874
29/07/2019	45,871
30/07/2019	45,515
31/07/2019	45,559
01/08/2019	45,62
02/08/2019	45,125
05/08/2019	44,555
06/08/2019	44,457
07/08/2019	44,47
08/08/2019	44,853
09/08/2019	44,672
12/08/2019	44,602
13/08/2019	44,715
14/08/2019	44,402
16/08/2019	44,546
19/08/2019	44,784
20/08/2019	44,691
21/08/2019	44,944
22/08/2019	44,883
23/08/2019	44,75
26/08/2019	44,724
27/08/2019	44,845
28/08/2019	44,812
29/08/2019	45,049
30/08/2019	45,253
02/09/2019	45,313
03/09/2019	45,27
04/09/2019	45,468
05/09/2019	45,611
06/09/2019	45,695
09/09/2019	45,624
10/09/2019	45,588
11/09/2019	45,768
12/09/2019	45,819
13/09/2019	45,917
16/09/2019	45,826
17/09/2019	45,778
18/09/2019	45,78
19/09/2019	45,895
20/09/2019	45,955
23/09/2019	45,808
24/09/2019	45,805
25/09/2019	45,626
26/09/2019	45,798
27/09/2019	45,913
30/09/2019	45,988
01/10/2019	45,735
02/10/2019	45,138
03/10/2019	45,053
04/10/2019	45,196
07/10/2019	45,331
08/10/2019	45,112
09/10/2019	45,167
10/10/2019	45,262
11/10/2019	45,767
14/10/2019	45,706
15/10/2019	45,913
16/10/2019	45,894
17/10/2019	45,907
18/10/2019	45,829
21/10/2019	45,925
22/10/2019	45,957
23/10/2019	45,948
24/10/2019	46,092
25/10/2019	46,103
28/10/2019	46,162
29/10/2019	46,143
30/10/2019	46,16
31/10/2019	46,074
04/11/2019	46,408
05/11/2019	46,476
06/11/2019	46,546
07/11/2019	46,561
08/11/2019	46,505
11/11/2019	46,492
12/11/2019	46,578
13/11/2019	46,503
14/11/2019	46,42
15/11/2019	46,532
18/11/2019	46,529
19/11/2019	46,506
20/11/2019	46,417
21/11/2019	46,312
22/11/2019	46,405
25/11/2019	46,636
26/11/2019	46,707
27/11/2019	46,795
28/11/2019	46,782
29/11/2019	46,694
02/12/2019	46,329
03/12/2019	46,195
04/12/2019	46,404
05/12/2019	46,379
06/12/2019	46,618
09/12/2019	46,626
10/12/2019	46,562
11/12/2019	46,615
12/12/2019	46,662
13/12/2019	46,904
16/12/2019	47,193
17/12/2019	47,084
18/12/2019	47,046
19/12/2019	47,025
20/12/2019	47,166
23/12/2019	47,163
27/12/2019	47,262
30/12/2019	47,064
02/01/2020	47,228
03/01/2020	47,173
07/01/2020	47,154
08/01/2020	47,18
09/01/2020	47,26
10/01/2020	47,257
13/01/2020	47,184
14/01/2020	47,239
15/01/2020	47,262
16/01/2020	47,327
17/01/2020	47,566
20/01/2020	47,59
21/01/2020	47,554
22/01/2020	47,563
23/01/2020	47,435
24/01/2020	47,635
27/01/2020	47,203
28/01/2020	47,325
29/01/2020	47,461
30/01/2020	47,278
31/01/2020	47,028
03/02/2020	47,061
04/02/2020	47,405
05/02/2020	47,687
06/02/2020	47,79
07/02/2020	47,75
10/02/2020	47,765
11/02/2020	47,976
12/02/2020	48,141
13/02/2020	48,163
14/02/2020	48,191
17/02/2020	48,254
18/02/2020	48,207
19/02/2020	48,367
20/02/2020	48,242
21/02/2020	48,089
24/02/2020	47,158
25/02/2020	46,742
26/02/2020	46,624
27/02/2020	45,805
28/02/2020	44,91
02/03/2020	44,842
03/03/2020	45,272
04/03/2020	45,496
05/03/2020	45,217
06/03/2020	44,339
09/03/2020	42,452
10/03/2020	42,137
11/03/2020	41,934
12/03/2020	39,397
13/03/2020	39,233
16/03/2020	37,924
17/03/2020	37,821
18/03/2020	36,944
19/03/2020	37,456
20/03/2020	38,099
23/03/2020	37,305
24/03/2020	38,573
25/03/2020	39,305
26/03/2020	40,12
27/03/2020	39,552
30/03/2020	39,624
31/03/2020	39,961
01/04/2020	39,451
02/04/2020	39,433
03/04/2020	39,351
06/04/2020	40,131
07/04/2020	40,678
08/04/2020	40,653
09/04/2020	41,159
14/04/2020	41,291
15/04/2020	40,585
16/04/2020	40,631
17/04/2020	41,195
20/04/2020	41,249
21/04/2020	40,609
22/04/2020	40,92
23/04/2020	41,244
24/04/2020	41,193
27/04/2020	41,564
28/04/2020	41,982
29/04/2020	42,317
30/04/2020	42,037
04/05/2020	41,347
05/05/2020	41,645
06/05/2020	41,61
07/05/2020	41,83
08/05/2020	42,008
11/05/2020	41,97
12/05/2020	42,053
13/05/2020	41,717
14/05/2020	41,12
15/05/2020	41,198
18/05/2020	41,982
19/05/2020	41,974
20/05/2020	42,132
21/05/2020	41,984
22/05/2020	42,048
25/05/2020	42,29
26/05/2020	42,584
27/05/2020	42,646
28/05/2020	43,077
29/05/2020	42,943
01/06/2020	43,139
03/06/2020	43,955
04/06/2020	44,005
05/06/2020	44,445
08/06/2020	44,486
09/06/2020	44,232
10/06/2020	44,138
11/06/2020	43,411
12/06/2020	43,352
15/06/2020	43,268
16/06/2020	43,872
17/06/2020	44,089
18/06/2020	43,935
19/06/2020	44,044
22/06/2020	43,943
23/06/2020	44,152
24/06/2020	43,729
25/06/2020	43,75
26/06/2020	43,772
29/06/2020	43,753
30/06/2020	43,816
01/07/2020	43,906
02/07/2020	44,235
03/07/2020	44,168
06/07/2020	44,387
07/07/2020	44,353
08/07/2020	44,267
09/07/2020	44,182
10/07/2020	44,241
13/07/2020	44,429
14/07/2020	44,276
15/07/2020	44,585
16/07/2020	44,579
17/07/2020	44,654
20/07/2020	44,857
21/07/2020	44,94
22/07/2020	44,814
23/07/2020	44,843
24/07/2020	44,488
27/07/2020	44,429
28/07/2020	44,456
29/07/2020	44,468
30/07/2020	44,03
31/07/2020	43,941
03/08/2020	44,242
04/08/2020	44,271
05/08/2020	44,387
06/08/2020	44,288
07/08/2020	44,361
10/08/2020	44,389
11/08/2020	44,656
12/08/2020	44,911
13/08/2020	44,847
14/08/2020	44,617
17/08/2020	44,707
18/08/2020	44,628
19/08/2020	44,74
20/08/2020	44,568
21/08/2020	44,505
24/08/2020	44,797
25/08/2020	44,778
26/08/2020	44,897
27/08/2020	44,834
28/08/2020	44,676
31/08/2020	44,574
01/09/2020	44,486
02/09/2020	44,839
03/09/2020	44,67
04/09/2020	44,36
07/09/2020	44,545
08/09/2020	44,378
09/09/2020	44,719
10/09/2020	44,635
11/09/2020	44,649
14/09/2020	44,682
15/09/2020	44,831
16/09/2020	44,941
17/09/2020	44,853
18/09/2020	44,775
21/09/2020	44,149
22/09/2020	44,145
23/09/2020	44,273
24/09/2020	44,054
25/09/2020	43,959
28/09/2020	44,368
29/09/2020	44,329
30/09/2020	44,323
01/10/2020	44,348
02/10/2020	44,405
05/10/2020	44,61
06/10/2020	44,612
07/10/2020	44,567
08/10/2020	44,729
09/10/2020	44,903
12/10/2020	45,096
13/10/2020	45,065
14/10/2020	45,059
15/10/2020	44,605
16/10/2020	44,815
19/10/2020	44,768
20/10/2020	44,693
21/10/2020	44,461
22/10/2020	44,348
23/10/2020	44,421
26/10/2020	44,094
27/10/2020	43,881
28/10/2020	43,24
29/10/2020	43,217
30/10/2020	43,162
02/11/2020	43,514
03/11/2020	43,962
04/11/2020	44,431
05/11/2020	44,765
06/11/2020	44,81
09/11/2020	45,367
10/11/2020	45,477
11/11/2020	45,751
12/11/2020	45,655
13/11/2020	45,673
16/11/2020	45,854
17/11/2020	45,826
18/11/2020	45,97
19/11/2020	45,87
20/11/2020	45,996
23/11/2020	45,972
24/11/2020	46,095
25/11/2020	46,125
26/11/2020	46,11
27/11/2020	46,212
30/11/2020	46,105
01/12/2020	46,148
02/12/2020	46,085
03/12/2020	46,108
04/12/2020	46,224
07/12/2020	46,171
09/12/2020	46,318
10/12/2020	46,206
11/12/2020	46,025
14/12/2020	46,15
15/12/2020	46,221
16/12/2020	46,392
17/12/2020	46,512
18/12/2020	46,479
21/12/2020	45,931
22/12/2020	46,143
23/12/2020	46,403
28/12/2020	46,588
29/12/2020	46,77
30/12/2020	46,757
04/01/2021	46,895
05/01/2021	46,844
07/01/2021	47,309
08/01/2021	47,461
11/01/2021	47,324
12/01/2021	47,26
13/01/2021	47,324
14/01/2021	47,465
15/01/2021	47,277
18/01/2021	47,278
19/01/2021	47,238
20/01/2021	47,387
21/01/2021	47,43
22/01/2021	47,235
25/01/2021	47,102
26/01/2021	47,209
27/01/2021	46,836
28/01/2021	46,874
29/01/2021	46,499
01/02/2021	46,74
02/02/2021	47,028
03/02/2021	47,209
04/02/2021	47,331
05/02/2021	47,394
08/02/2021	47,528
09/02/2021	47,477
10/02/2021	47,471
11/02/2021	47,557
12/02/2021	47,732
15/02/2021	47,956
16/02/2021	48,015
17/02/2021	47,812
18/02/2021	47,594
19/02/2021	47,732
22/02/2021	47,618
23/02/2021	47,389
24/02/2021	47,482
25/02/2021	47,419
26/02/2021	47,011
01/03/2021	47,399
02/03/2021	47,548
03/03/2021	47,451
04/03/2021	47,363
05/03/2021	47,201
08/03/2021	47,54
09/03/2021	47,859
10/03/2021	48,013
11/03/2021	48,236
12/03/2021	48,184
15/03/2021	48,2
16/03/2021	48,409
17/03/2021	48,265
18/03/2021	48,42
19/03/2021	48,318
22/03/2021	48,388
23/03/2021	48,364
24/03/2021	48,358
25/03/2021	48,337
26/03/2021	48,64
29/03/2021	48,654
30/03/2021	48,763
31/03/2021	48,787
01/04/2021	48,956
06/04/2021	49,122
07/04/2021	49,065
08/04/2021	49,221
09/04/2021	49,244
12/04/2021	49,126
13/04/2021	49,173
14/04/2021	49,2
15/04/2021	49,307
16/04/2021	49,579
19/04/2021	49,599
20/04/2021	49,167
21/04/2021	49,233
22/04/2021	49,365
23/04/2021	49,326
26/04/2021	49,394
27/04/2021	49,356
28/04/2021	49,358
29/04/2021	49,263
30/04/2021	49,217
03/05/2021	49,316
04/05/2021	49,04
05/05/2021	49,412
06/05/2021	49,373
07/05/2021	49,567
10/05/2021	49,661
11/05/2021	49,182
12/05/2021	49,201
13/05/2021	49,154
14/05/2021	49,326
17/05/2021	49,373
18/05/2021	49,464
19/05/2021	49,066
20/05/2021	49,388
21/05/2021	49,618
24/05/2021	49,636
25/05/2021	49,717
26/05/2021	49,751
27/05/2021	49,862
28/05/2021	50,059
31/05/2021	49,992
01/06/2021	50,185
03/06/2021	50,188
04/06/2021	50,322
07/06/2021	50,412
08/06/2021	50,479
09/06/2021	50,487
10/06/2021	50,531
11/06/2021	50,713
14/06/2021	50,744
15/06/2021	50,787
16/06/2021	50,811
17/06/2021	50,713
18/06/2021	50,359
21/06/2021	50,418
22/06/2021	50,515
23/06/2021	50,435
24/06/2021	50,633
25/06/2021	50,654
28/06/2021	50,579
29/06/2021	50,649
30/06/2021	50,5
01/07/2021	50,605
02/07/2021	50,715
05/07/2021	50,796
06/07/2021	50,787
07/07/2021	50,96
08/07/2021	50,542
09/07/2021	50,803
12/07/2021	51,025
13/07/2021	51,041
14/07/2021	51,059
15/07/2021	50,871
16/07/2021	50,733
19/07/2021	50,131
20/07/2021	50,242
21/07/2021	50,631
22/07/2021	50,821
23/07/2021	51,138
26/07/2021	51,2
27/07/2021	51,054
28/07/2021	51,16
29/07/2021	51,321
30/07/2021	51,276
02/08/2021	51,374
03/08/2021	51,472
04/08/2021	51,654
05/08/2021	51,769
06/08/2021	51,751
09/08/2021	51,779
10/08/2021	51,882
11/08/2021	51,974
12/08/2021	52,027
13/08/2021	52,073
16/08/2021	51,937
17/08/2021	51,938
18/08/2021	51,995
19/08/2021	51,574
20/08/2021	51,656
23/08/2021	51,795
24/08/2021	51,807
25/08/2021	51,773
26/08/2021	51,712
27/08/2021	51,823
30/08/2021	51,874
31/08/2021	51,758
01/09/2021	51,846
02/09/2021	51,971
03/09/2021	51,843
06/09/2021	51,978
07/09/2021	51,914
08/09/2021	51,676
09/09/2021	51,664
10/09/2021	51,629
13/09/2021	51,657
14/09/2021	51,682
15/09/2021	51,571
16/09/2021	51,65
17/09/2021	51,468
20/09/2021	50,941
21/09/2021	51,171
22/09/2021	51,39
23/09/2021	51,639
24/09/2021	51,408
27/09/2021	51,274
28/09/2021	50,736
29/09/2021	50,809
30/09/2021	50,788
01/10/2021	50,644
04/10/2021	50,61
05/10/2021	50,746
06/10/2021	50,535
07/10/2021	50,877
08/10/2021	50,88
11/10/2021	50,809
12/10/2021	50,825
13/10/2021	50,994
14/10/2021	51,296
15/10/2021	51,506
18/10/2021	51,384
19/10/2021	51,42
20/10/2021	51,493
21/10/2021	51,485
22/10/2021	51,63
25/10/2021	51,655
26/10/2021	51,79
27/10/2021	51,754
28/10/2021	51,696
29/10/2021	51,618
02/11/2021	51,915
03/11/2021	52,068
04/11/2021	52,261
05/11/2021	52,288
08/11/2021	52,303
09/11/2021	52,268
10/11/2021	52,231
11/11/2021	52,36
12/11/2021	52,46
15/11/2021	52,513
16/11/2021	52,555
17/11/2021	52,598
18/11/2021	52,568
19/11/2021	52,522
22/11/2021	52,53
23/11/2021	52,128
24/11/2021	51,98
25/11/2021	52,074
26/11/2021	51,446
29/11/2021	51,518
30/11/2021	51,357
01/12/2021	51,549
02/12/2021	51,395
03/12/2021	51,301
06/12/2021	51,496
07/12/2021	52,112
09/12/2021	52,021
10/12/2021	52,013
13/12/2021	51,974
14/12/2021	51,725
15/12/2021	51,708
16/12/2021	51,978
17/12/2021	51,812
20/12/2021	51,535
21/12/2021	51,805
22/12/2021	51,967
23/12/2021	52,194
27/12/2021	52,283
28/12/2021	52,432
29/12/2021	52,457
30/12/2021	52,492
03/01/2022	52,486
04/01/2022	52,718
05/01/2022	52,703
07/01/2022	52,277
10/01/2022	51,856
11/01/2022	51,988
12/01/2022	52,252
13/01/2022	52,284
14/01/2022	51,953
17/01/2022	52,031
18/01/2022	51,797
19/01/2022	51,877
20/01/2022	51,843
21/01/2022	51,369
24/01/2022	50,521
25/01/2022	50,566
26/01/2022	50,989
27/01/2022	51,16
28/01/2022	50,842
31/01/2022	51,069
01/02/2022	51,287
02/02/2022	51,451
03/02/2022	50,962
04/02/2022	50,481
07/02/2022	50,476
08/02/2022	50,395
09/02/2022	50,913
10/02/2022	50,828
11/02/2022	50,657
14/02/2022	50,176
15/02/2022	50,445
16/02/2022	50,459
17/02/2022	50,397
18/02/2022	50,284
21/02/2022	49,963
22/02/2022	49,953
23/02/2022	49,851
24/02/2022	49,113
25/02/2022	49,727
28/02/2022	49,784
01/03/2022	49,667
02/03/2022	49,61
03/03/2022	49,319
04/03/2022	48,487
07/03/2022	48,165
08/03/2022	47,907
09/03/2022	48,587
10/03/2022	48,449
11/03/2022	48,564
14/03/2022	48,823
15/03/2022	48,77
16/03/2022	49,471
17/03/2022	49,61
18/03/2022	49,893
21/03/2022	50,028
22/03/2022	50,164
23/03/2022	49,973
24/03/2022	49,847
25/03/2022	49,873
28/03/2022	49,872
29/03/2022	50,136
30/03/2022	50,031
31/03/2022	49,913
01/04/2022	49,961
04/04/2022	50,123
05/04/2022	50,072
06/04/2022	49,649
07/04/2022	49,64
08/04/2022	49,782
11/04/2022	49,662
12/04/2022	49,631
13/04/2022	49,605
14/04/2022	49,712
19/04/2022	49,58
20/04/2022	49,765
21/04/2022	49,814
22/04/2022	49,288
26/04/2022	48,769
27/04/2022	48,79
28/04/2022	48,826
29/04/2022	49,016
02/05/2022	48,678
03/05/2022	48,671
04/05/2022	48,442
05/05/2022	48,29
06/05/2022	47,651
09/05/2022	47,288
10/05/2022	47,333
11/05/2022	47,585
12/05/2022	47,509
13/05/2022	47,956
16/05/2022	48,031
17/05/2022	48,252
18/05/2022	48,039
19/05/2022	47,707
20/05/2022	47,873
23/05/2022	48,047
24/05/2022	47,933
25/05/2022	48,05
26/05/2022	48,197
27/05/2022	48,556
30/05/2022	48,685
31/05/2022	48,488
01/06/2022	48,294
03/06/2022	48,246
06/06/2022	48,355
07/06/2022	48,307
08/06/2022	48,206
09/06/2022	47,822
10/06/2022	47,042
13/06/2022	46,281
14/06/2022	45,954
15/06/2022	46,307
16/06/2022	45,775
17/06/2022	45,777
20/06/2022	45,868
21/06/2022	46,003
22/06/2022	45,834
23/06/2022	45,764
24/06/2022	46,203
27/06/2022	46,302
28/06/2022	46,372
29/06/2022	46,202
30/06/2022	45,872
01/07/2022	46,044
04/07/2022	46,086
05/07/2022	45,691
06/07/2022	45,974
07/07/2022	46,348
08/07/2022	46,532
11/07/2022	46,507
12/07/2022	46,602
13/07/2022	46,392
14/07/2022	45,965
15/07/2022	46,252
18/07/2022	46,586
19/07/2022	46,797
20/07/2022	46,776
21/07/2022	46,843
22/07/2022	47,115
25/07/2022	47,199
26/07/2022	47,186
27/07/2022	47,276
28/07/2022	47,586
29/07/2022	48,032
01/08/2022	48,105
02/08/2022	47,98
03/08/2022	48,063
04/08/2022	48,15
05/08/2022	47,924
08/08/2022	48,081
09/08/2022	47,906
10/08/2022	48,145
11/08/2022	48,228
12/08/2022	48,189
16/08/2022	48,221
17/08/2022	47,898
18/08/2022	47,93
19/08/2022	47,673
22/08/2022	47,307
23/08/2022	47,253
24/08/2022	47,262
25/08/2022	47,407
26/08/2022	47,032
29/08/2022	46,712
30/08/2022	46,478
31/08/2022	46,216
01/09/2022	45,79
02/09/2022	46,193
05/09/2022	46,042
06/09/2022	46,065
07/09/2022	45,997
08/09/2022	46,004
09/09/2022	46,37
12/09/2022	46,801
13/09/2022	46,52
14/09/2022	46,246
15/09/2022	46,094
16/09/2022	45,656
19/09/2022	45,579
20/09/2022	45,262
21/09/2022	45,36
22/09/2022	45,055
23/09/2022	44,36
26/09/2022	44,194
27/09/2022	44,077
28/09/2022	44,165
29/09/2022	43,793
30/09/2022	44,105
03/10/2022	44,419
04/10/2022	45,111
05/10/2022	44,889
06/10/2022	44,704
07/10/2022	44,354
10/10/2022	44,322
11/10/2022	44,107
12/10/2022	44,018
13/10/2022	44,066
14/10/2022	44,301
17/10/2022	44,643
18/10/2022	44,787
19/10/2022	44,537
20/10/2022	44,544
21/10/2022	44,503
24/10/2022	44,88
25/10/2022	45,223
26/10/2022	45,393
27/10/2022	45,576
28/10/2022	45,527
31/10/2022	45,535
02/11/2022	45,613
03/11/2022	45,343
04/11/2022	45,72
07/11/2022	45,748
08/11/2022	45,941
09/11/2022	45,936
10/11/2022	46,565
11/11/2022	46,597
14/11/2022	46,655
15/11/2022	46,771
16/11/2022	46,611
17/11/2022	46,478
18/11/2022	46,741
21/11/2022	46,769
22/11/2022	46,925
23/11/2022	47,093
24/11/2022	47,249
25/11/2022	47,24
28/11/2022	47,061
29/11/2022	47,112
30/11/2022	47,241
01/12/2022	47,525
02/12/2022	47,496
05/12/2022	47,393
06/12/2022	47,32
07/12/2022	47,218
09/12/2022	47,241
12/12/2022	47,092
13/12/2022	47,469
14/12/2022	47,389
15/12/2022	46,664
16/12/2022	46,347
19/12/2022	46,318
20/12/2022	46,227
21/12/2022	46,536
22/12/2022	46,454
23/12/2022	46,401
27/12/2022	46,373
28/12/2022	46,392
29/12/2022	46,497
30/12/2022	46,267
02/01/2023	46,437
03/01/2023	46,749
04/01/2023	47,09
05/01/2023	47,065
09/01/2023	47,567
10/01/2023	47,427
11/01/2023	47,551
12/01/2023	47,711
13/01/2023	47,875
16/01/2023	48
17/01/2023	48,174
18/01/2023	48,383
19/01/2023	48,022
20/01/2023	47,96
23/01/2023	48,053
24/01/2023	48,05
25/01/2023	47,988
26/01/2023	48,127
27/01/2023	48,181
30/01/2023	48,076
31/01/2023	48,015
01/02/2023	48,074
02/02/2023	48,47
03/02/2023	48,574
06/02/2023	48,388
07/02/2023	48,346
08/02/2023	48,463
09/02/2023	48,627
10/02/2023	48,334
13/02/2023	48,512
14/02/2023	48,559
15/02/2023	48,581
16/02/2023	48,639
17/02/2023	48,657
20/02/2023	48,643
21/02/2023	48,55
22/02/2023	48,448
23/02/2023	48,547
24/02/2023	48,237
27/02/2023	48,463
28/02/2023	48,356
01/03/2023	48,189
02/03/2023	48,194
03/03/2023	48,472
06/03/2023	48,461
07/03/2023	48,342
08/03/2023	48,314
09/03/2023	48,315
10/03/2023	48,002
13/03/2023	47,547
14/03/2023	47,776
15/03/2023	47,236
16/03/2023	47,369
17/03/2023	47,187
20/03/2023	47,473
21/03/2023	47,749
22/03/2023	47,808
23/03/2023	47,797
24/03/2023	47,528
27/03/2023	47,736
28/03/2023	47,656
29/03/2023	47,951
30/03/2023	48,159
31/03/2023	48,385
03/04/2023	48,374
04/04/2023	48,396
05/04/2023	48,325
06/04/2023	48,417
11/04/2023	48,522
12/04/2023	48,524
13/04/2023	48,606
14/04/2023	48,765
17/04/2023	48,767
18/04/2023	48,85
19/04/2023	48,774
20/04/2023	48,735
21/04/2023	48,752
24/04/2023	48,781
26/04/2023	48,517
27/04/2023	48,537
28/04/2023	48,721
02/05/2023	48,597
03/05/2023	48,625
04/05/2023	48,55
05/05/2023	48,712
08/05/2023	48,805
09/05/2023	48,755
10/05/2023	48,695
11/05/2023	48,729
12/05/2023	48,845
15/05/2023	48,878
16/05/2023	48,774
17/05/2023	48,716
18/05/2023	48,737
19/05/2023	48,964
22/05/2023	48,969
23/05/2023	48,833
24/05/2023	48,364
25/05/2023	48,298
26/05/2023	48,521
29/05/2023	48,559
30/05/2023	48,526
31/05/2023	48,346
01/06/2023	48,46
05/06/2023	48,699
06/06/2023	48,744
07/06/2023	48,705
08/06/2023	48,723
09/06/2023	48,741
12/06/2023	48,812
13/06/2023	48,931
14/06/2023	49,012
15/06/2023	48,877
16/06/2023	49,035
19/06/2023	48,829
20/06/2023	48,7
21/06/2023	48,548
22/06/2023	48,351
23/06/2023	48,315
26/06/2023	48,318
27/06/2023	48,243
28/06/2023	48,42
29/06/2023	48,451
30/06/2023	48,721
03/07/2023	48,675
04/07/2023	48,681
05/07/2023	48,547
06/07/2023	47,966
07/07/2023	47,946
10/07/2023	47,969
11/07/2023	48,116
12/07/2023	48,515
13/07/2023	48,797
14/07/2023	48,787
17/07/2023	48,642
18/07/2023	48,821
19/07/2023	48,862
20/07/2023	48,928
21/07/2023	48,952
24/07/2023	49,001
25/07/2023	49,086
26/07/2023	48,905
27/07/2023	49,334
28/07/2023	49,304
31/07/2023	49,33
01/08/2023	49,151
02/08/2023	48,864
03/08/2023	48,608
04/08/2023	48,632
07/08/2023	48,676
08/08/2023	48,705
09/08/2023	48,83
10/08/2023	49,009
11/08/2023	48,683
14/08/2023	48,666
16/08/2023	48,463
17/08/2023	48,178
18/08/2023	48,003
21/08/2023	48,052
22/08/2023	48,197
23/08/2023	48,332
24/08/2023	48,3
25/08/2023	48,228
28/08/2023	48,387
29/08/2023	48,641
30/08/2023	48,655
31/08/2023	48,668
01/09/2023	48,604
04/09/2023	48,581
05/09/2023	48,509
06/09/2023	48,36
07/09/2023	48,298
08/09/2023	48,322
11/09/2023	48,41
12/09/2023	48,381
13/09/2023	48,265
14/09/2023	48,589
15/09/2023	48,66
18/09/2023	48,357
19/09/2023	48,324
20/09/2023	48,558
21/09/2023	48,268
22/09/2023	48,134
25/09/2023	47,97
26/09/2023	47,83
27/09/2023	47,78
28/09/2023	47,791
29/09/2023	47,996
02/10/2023	47,74
03/10/2023	47,475
04/10/2023	47,422
05/10/2023	47,47
06/10/2023	47,573
09/10/2023	47,596
10/10/2023	48,022
11/10/2023	48,117
12/10/2023	48,126
13/10/2023	47,943
16/10/2023	47,917
17/10/2023	47,747
18/10/2023	47,509
19/10/2023	47,271
20/10/2023	46,947
23/10/2023	46,917
24/10/2023	47,017
25/10/2023	46,98
26/10/2023	46,968
27/10/2023	46,817
30/10/2023	46,913
31/10/2023	47,079
02/11/2023	47,672
03/11/2023	47,817
06/11/2023	47,72
07/11/2023	47,739
08/11/2023	47,856
09/11/2023	48,017
10/11/2023	47,799
13/11/2023	47,953
14/11/2023	48,332
15/11/2023	48,479
16/11/2023	48,46
17/11/2023	48,65
20/11/2023	48,7
21/11/2023	48,706
22/11/2023	48,755
23/11/2023	48,789
24/11/2023	48,882
27/11/2023	48,898
28/11/2023	48,849
29/11/2023	49,051
30/11/2023	49,18
01/12/2023	49,49
04/12/2023	49,517
05/12/2023	49,636
06/12/2023	49,788
07/12/2023	49,72
11/12/2023	49,896
12/12/2023	49,896
13/12/2023	49,932
14/12/2023	50,188
15/12/2023	50,302
18/12/2023	50,251
19/12/2023	50,401
20/12/2023	50,491
21/12/2023	50,48
22/12/2023	50,551
27/12/2023	50,602
28/12/2023	50,596
29/12/2023	50,609
02/01/2024	50,541
03/01/2024	50,304
04/01/2024	50,365
05/01/2024	50,321
08/01/2024	50,421
09/01/2024	50,325
10/01/2024	50,299
11/01/2024	50,217
12/01/2024	50,381
15/01/2024	50,269
16/01/2024	50,15
17/01/2024	49,816
18/01/2024	49,975
19/01/2024	49,951
22/01/2024	50,168
23/01/2024	50,096
24/01/2024	50,36
25/01/2024	50,488
26/01/2024	50,688
29/01/2024	50,77
30/01/2024	50,82
31/01/2024	50,878
01/02/2024	50,782
02/02/2024	50,743
05/02/2024	50,721
06/02/2024	50,853
07/02/2024	50,798
08/02/2024	50,761
09/02/2024	50,715
12/02/2024	50,892
13/02/2024	50,637
14/02/2024	50,817
15/02/2024	50,996
16/02/2024	51,122
19/02/2024	51,154
20/02/2024	51,146
21/02/2024	51,102
22/02/2024	51,361
23/02/2024	51,517
26/02/2024	51,41
27/02/2024	51,421
28/02/2024	51,365
29/02/2024	51,401
01/03/2024	51,46
04/03/2024	51,542
05/03/2024	51,551
06/03/2024	51,642
07/03/2024	51,931
08/03/2024	51,959
11/03/2024	51,818
12/03/2024	52,074
13/03/2024	52,171
14/03/2024	52,083
15/03/2024	52,071
18/03/2024	52,008
19/03/2024	52,041
20/03/2024	52,097
21/03/2024	52,343
22/03/2024	52,391
25/03/2024	52,423
26/03/2024	52,479
27/03/2024	52,566
28/03/2024	52,602
02/04/2024	52,362
03/04/2024	52,411
04/04/2024	52,538
05/04/2024	52,286
08/04/2024	52,409
09/04/2024	52,29
10/04/2024	52,213
11/04/2024	52,104
12/04/2024	52,202
15/04/2024	52,237
16/04/2024	51,739
17/04/2024	51,747
18/04/2024	51,743
19/04/2024	51,704
22/04/2024	51,906
23/04/2024	52,205
24/04/2024	52,135
26/04/2024	52,202
29/04/2024	52,295
30/04/2024	52,137
02/05/2024	52,09
03/05/2024	52,248
06/05/2024	52,382
07/05/2024	52,689
08/05/2024	52,807
09/05/2024	52,836
10/05/2024	53,055
13/05/2024	53,101
14/05/2024	53,136
15/05/2024	53,372
16/05/2024	53,376
17/05/2024	53,295
20/05/2024	53,341
21/05/2024	53,329
22/05/2024	53,298
23/05/2024	53,313
24/05/2024	53,243
27/05/2024	53,357
28/05/2024	53,237
29/05/2024	52,951
30/05/2024	53,118
31/05/2024	53,184
03/06/2024	53,332
04/06/2024	53,228
05/06/2024	53,412
06/06/2024	53,603
07/06/2024	53,561
10/06/2024	53,414
11/06/2024	53,215
12/06/2024	53,576
13/06/2024	53,252
14/06/2024	52,891
17/06/2024	52,88
18/06/2024	53,082
19/06/2024	53,066
20/06/2024	53,276
21/06/2024	53,087
24/06/2024	53,285
25/06/2024	53,205
26/06/2024	53,1
27/06/2024	52,994
28/06/2024	52,937
01/07/2024	53,024
02/07/2024	52,9
03/07/2024	53,134
04/07/2024	53,275
05/07/2024	53,304
08/07/2024	53,387
09/07/2024	53,152
10/07/2024	53,344
11/07/2024	53,594
12/07/2024	53,814
15/07/2024	53,674
16/07/2024	53,623
17/07/2024	53,452
18/07/2024	53,412
19/07/2024	53,165
22/07/2024	53,339
23/07/2024	53,412
24/07/2024	53,268
25/07/2024	52,999
26/07/2024	53,174
29/07/2024	53,249
30/07/2024	53,379
31/07/2024	53,537
01/08/2024	53,412
02/08/2024	52,631
05/08/2024	51,96
06/08/2024	52,038
07/08/2024	52,407
08/08/2024	52,411
09/08/2024	52,587
12/08/2024	52,628
13/08/2024	52,791
14/08/2024	52,94
16/08/2024	53,326
19/08/2024	53,516
20/08/2024	53,49
21/08/2024	53,548
22/08/2024	53,677
23/08/2024	53,776
26/08/2024	53,77
27/08/2024	53,771
28/08/2024	53,88
29/08/2024	54,048
30/08/2024	54,117
02/09/2024	54,086
03/09/2024	53,874
04/09/2024	53,636
05/09/2024	53,506
06/09/2024	53,335
09/09/2024	53,398
10/09/2024	53,293
11/09/2024	53,326
12/09/2024	53,502
13/09/2024	53,772
16/09/2024	53,8
17/09/2024	53,823
18/09/2024	53,694
19/09/2024	54,056
20/09/2024	53,783
23/09/2024	53,868
24/09/2024	54,01
25/09/2024	54,044
26/09/2024	54,333
27/09/2024	54,412
30/09/2024	54,208
01/10/2024	54,136
02/10/2024	54,064
03/10/2024	53,866
04/10/2024	53,91
07/10/2024	53,907
08/10/2024	53,847
09/10/2024	53,949
10/10/2024	53,949
11/10/2024	54,083
14/10/2024	54,258
15/10/2024	54,283
16/10/2024	54,174
17/10/2024	54,395
18/10/2024	54,445
21/10/2024	54,296
22/10/2024	54,136
23/10/2024	54,078
24/10/2024	54,123
25/10/2024	54,063
28/10/2024	54,185
29/10/2024	54,018
30/10/2024	53,715
31/10/2024	53,321
04/11/2024	53,48
05/11/2024	53,526
06/11/2024	53,511
07/11/2024	53,684
08/11/2024	53,582
11/11/2024	53,917
12/11/2024	53,561
13/11/2024	53,408
14/11/2024	53,716
15/11/2024	53,568
18/11/2024	53,466
19/11/2024	53,361
20/11/2024	53,406
21/11/2024	53,484
22/11/2024	53,871
25/11/2024	53,887
26/11/2024	53,777
27/11/2024	53,723
28/11/2024	53,856
29/11/2024	54,007
02/12/2024	54,203
03/12/2024	54,347
04/12/2024	54,482
05/12/2024	54,568
06/12/2024	54,638
09/12/2024	54,656
10/12/2024	54,557
11/12/2024	54,611
12/12/2024	54,523
13/12/2024	54,361
16/12/2024	54,317
17/12/2024	54,2
18/12/2024	54,231
19/12/2024	53,858
20/12/2024	53,521
23/12/2024	53,605
27/12/2024	53,751
30/12/2024	53,647
02/01/2025	53,916
03/01/2025	53,819
07/01/2025	54,09
08/01/2025	54,041
09/01/2025	54,092
10/01/2025	53,925
13/01/2025	53,644
14/01/2025	53,659
15/01/2025	54,054
16/01/2025	54,307
17/01/2025	54,523
20/01/2025	54,549
21/01/2025	54,644
22/01/2025	54,753
23/01/2025	54,804
24/01/2025	54,766
27/01/2025	54,689
28/01/2025	54,775
29/01/2025	54,946
30/01/2025	55,177
31/01/2025	55,344
03/02/2025	55,147
04/02/2025	55,267
05/02/2025	55,384
06/02/2025	55,682
07/02/2025	55,665
10/02/2025	55,78
11/02/2025	55,836
12/02/2025	55,784
13/02/2025	56,1
14/02/2025	56,103
17/02/2025	56,217
18/02/2025	56,355
19/02/2025	56,096
20/02/2025	56,066
21/02/2025	56,153
24/02/2025	56,143
25/02/2025	56,264
26/02/2025	56,486
27/02/2025	56,359
28/02/2025	56,364
03/03/2025	56,694
04/03/2025	56,152
05/03/2025	56,22
06/03/2025	56,127
07/03/2025	56,046
10/03/2025	55,678
11/03/2025	55,23
12/03/2025	55,345
13/03/2025	55,371
14/03/2025	55,632
17/03/2025	55,858
18/03/2025	56,041
19/03/2025	56,131
20/03/2025	56,062
21/03/2025	55,893
24/03/2025	55,925
25/03/2025	56,054
26/03/2025	55,945
27/03/2025	55,81
28/03/2025	55,604
31/03/2025	55,235
01/04/2025	55,447
02/04/2025	55,332
03/04/2025	54,804
04/04/2025	53,494
07/04/2025	52,346
08/04/2025	52,834
09/04/2025	52,134
10/04/2025	52,885
11/04/2025	52,91
14/04/2025	53,545
15/04/2025	54,109
16/04/2025	54,107
17/04/2025	54,144
22/04/2025	54,203
23/04/2025	54,677
24/04/2025	54,807
28/04/2025	55,061
29/04/2025	55,174
30/04/2025	55,274
02/05/2025	55,779
05/05/2025	55,882
06/05/2025	55,867
07/05/2025	55,807
08/05/2025	55,94
09/05/2025	55,998
12/05/2025	56,227
13/05/2025	56,345
14/05/2025	56,284
15/05/2025	56,489
